date;time;umid@1m;temp@1m;temp@3.5m;umid@3.5m
2015-07-01;00:00;11.48;23.865;25.48;41.2
2015-07-01;00:06;11.74;23.865;25.8;40.88
2015-07-01;00:12;11.655;23.865;24.83;41.04
2015-07-01;00:18;-25.8;23.54;;
2015-07-01;00:30;11.655;23.865;25.8;40.88
2015-07-01;00:36;11.655;23.865;25.8;40.88
2015-07-01;00:48;49.11;24.19;26.12;40.88
2015-07-01;00:54;11.395;23.865;25.48;41.04
2015-07-01;01:00;11.74;23.865;26.12;41.2
2015-07-01;01:06;11.48;23.865;25.8;41.2
2015-07-01;01:12;11.655;23.865;25.8;41.2
2015-07-01;01:18;11.57;23.865;25.8;41.2
2015-07-01;01:24;11.48;23.865;26.12;41.04
2015-07-01;01:30;11.48;23.865;25.8;41.2
2015-07-01;01:36;11.655;23.865;26.12;41.2
2015-07-01;01:42;11.395;23.865;25.16;41.35
2015-07-01;01:48;11.395;23.865;25.16;41.35
2015-07-01;01:54;11.655;24.19;24.51;41.51
2015-07-01;02:06;;;25.48;41.51
2015-07-01;02:12;11.655;23.865;25.8;41.2
2015-07-01;02:18;11.655;23.865;25.48;41.67
2015-07-01;02:24;11.74;23.865;25.8;41.67
2015-07-01;02:30;11.655;23.705;25.8;41.51
2015-07-01;02:36;11.915;24.19;25.8;41.35
2015-07-01;02:42;11.83;23.705;25.8;41.67
2015-07-01;02:48;12.0;23.705;25.8;41.67
2015-07-01;02:54;11.83;23.705;25.8;41.67
2015-07-01;03:00;11.74;23.705;25.8;41.83
2015-07-01;03:06;12.09;23.705;25.8;41.83
2015-07-01;03:12;12.0;25.805;25.16;41.98
2015-07-01;03:30;12.09;23.545;25.48;42.3
2015-07-01;03:36;-25.8;23.22;25.48;42.46
2015-07-01;03:48;12.09;23.545;;
2015-07-01;03:54;12.09;23.705;25.8;42.61
2015-07-01;04:00;12.175;23.545;25.48;42.46
2015-07-01;04:06;-25.8;23.22;25.8;42.14
2015-07-01;04:18;12.175;23.545;;
2015-07-01;04:24;12.175;23.545;25.8;42.3
2015-07-01;04:48;12.175;23.545;;
2015-07-01;04:54;12.26;23.545;25.8;42.3
2015-07-01;05:00;12.175;23.705;25.48;42.46
2015-07-01;05:06;12.09;23.705;25.8;42.93
2015-07-01;05:12;12.0;24.03;25.48;42.93
2015-07-01;05:18;12.0;23.545;25.8;42.93
2015-07-01;05:24;12.175;23.545;25.8;42.77
2015-07-01;05:30;12.09;23.545;25.48;42.77
2015-07-01;05:36;;;25.48;42.93
2015-07-01;05:48;12.09;23.705;25.48;43.09
2015-07-01;05:54;12.09;23.545;25.48;42.61
2015-07-01;06:00;12.175;23.385;25.8;42.61
2015-07-01;06:06;12.35;23.545;25.48;42.61
2015-07-01;06:12;12.09;23.545;25.8;42.3
2015-07-01;06:18;12.175;23.545;25.8;43.09
2015-07-01;06:24;12.435;23.385;25.8;42.61
2015-07-01;06:30;12.26;23.545;26.12;42.77
2015-07-01;06:36;12.26;23.385;25.48;43.09
2015-07-01;06:42;12.35;23.545;25.48;43.09
2015-07-01;06:48;12.435;23.545;25.8;43.09
2015-07-01;06:54;12.61;23.545;25.48;42.93
2015-07-01;07:06;-25.8;23.22;;
2015-07-01;07:12;12.435;23.545;25.48;44.03
2015-07-01;07:18;12.61;23.705;25.48;43.56
2015-07-01;07:24;12.695;23.865;25.48;43.25
2015-07-01;07:30;12.695;23.865;25.8;43.4
2015-07-01;07:36;12.87;24.03;25.8;43.09
2015-07-01;07:42;12.61;24.03;25.8;43.09
2015-07-01;07:48;51.37;24.19;;
2015-07-01;08:00;12.695;23.705;25.8;42.77
2015-07-01;08:06;12.35;23.865;25.8;42.14
2015-07-01;08:12;50.5;24.19;26.12;42.14
2015-07-01;08:18;12.175;24.03;25.48;42.3
2015-07-01;08:24;12.435;24.19;26.12;41.83
2015-07-01;08:30;12.35;23.865;26.12;42.14
2015-07-01;08:36;12.175;24.03;26.12;41.98
2015-07-01;08:42;12.175;23.385;25.8;41.83
2015-07-01;08:48;12.09;23.865;26.12;41.83
2015-07-01;08:54;12.0;23.865;25.8;41.51
2015-07-01;09:00;12.0;24.19;25.8;41.2
2015-07-01;09:06;12.175;23.705;25.8;41.51
2015-07-01;09:12;12.09;23.865;26.45;41.67
2015-07-01;09:18;11.83;24.19;26.12;41.67
2015-07-01;09:24;11.655;24.35;26.12;41.35
2015-07-01;09:36;;;26.12;41.51
2015-07-01;09:42;11.83;24.03;26.12;41.35
2015-07-01;09:48;11.74;24.19;26.12;41.67
2015-07-01;09:54;11.74;24.35;26.12;41.04
2015-07-01;10:06;;;26.45;41.67
2015-07-01;10:12;11.83;24.35;26.12;41.04
2015-07-01;10:18;11.915;24.03;26.45;41.67
2015-07-01;10:24;11.915;24.19;26.12;41.2
2015-07-01;10:30;11.74;23.705;26.12;41.67
2015-07-01;10:36;11.83;24.03;;
2015-07-01;10:42;11.57;24.19;26.45;41.2
2015-07-01;10:48;11.83;23.865;26.45;41.35
2015-07-01;11:12;12.0;24.03;26.45;41.67
2015-07-01;11:18;11.74;24.35;26.45;41.67
2015-07-01;11:24;11.74;24.025;26.45;41.51
2015-07-01;11:30;12.09;24.19;26.12;41.83
2015-07-01;11:36;11.915;24.35;26.45;41.67
2015-07-01;11:42;;;26.45;41.35
2015-07-01;11:48;;;26.12;41.67
2015-07-01;12:00;11.74;24.35;26.45;41.98
2015-07-01;12:06;12.61;24.03;25.8;42.14
2015-07-01;12:12;12.09;24.35;26.12;41.83
2015-07-01;12:18;;;26.45;41.83
2015-07-01;12:30;12.175;24.35;26.12;41.98
2015-07-01;12:36;12.61;24.03;25.8;42.14
2015-07-01;12:42;12.175;24.35;26.12;42.61
2015-07-01;12:48;;;26.12;41.67
2015-07-01;13:00;12.435;24.025;26.12;41.98
2015-07-01;13:06;12.695;24.03;26.12;42.77
2015-07-01;13:12;12.61;24.35;26.12;42.93
2015-07-01;13:18;12.87;23.865;25.8;42.46
2015-07-01;13:24;12.695;24.19;25.8;42.77
2015-07-20;16:18;61.42;24.51;;
2015-07-20;16:24;17.55;24.19;19.35;51.44
2015-07-20;16:30;17.55;24.51;19.67;51.29
2015-07-20;16:36;17.55;24.19;19.35;52.71
2015-07-20;16:42;17.55;24.67;19.67;50.81
2015-07-20;16:48;17.64;24.995;19.67;51.44
2015-07-20;16:54;18.07;26.285;19.35;53.18
2015-07-20;17:00;17.9;24.19;19.03;53.65
2015-07-20;17:06;18.16;23.865;19.03;53.81
2015-07-20;17:12;18.245;24.19;19.03;53.81
2015-07-20;17:18;17.725;24.19;19.35;52.39
2015-07-20;17:24;17.55;24.35;19.67;51.13
2015-07-20;17:30;17.81;24.19;19.35;52.86
2015-07-20;17:36;17.81;24.19;19.03;53.65
2015-07-20;17:42;17.81;24.025;19.03;52.86
2015-07-20;17:48;17.725;24.025;19.03;52.86
2015-07-20;17:54;17.64;24.51;19.67;51.44
2015-07-20;18:00;17.725;24.51;19.67;51.6
2015-07-20;18:06;17.725;24.19;19.35;53.18
2015-07-20;18:12;17.81;24.19;19.03;53.18
2015-07-20;18:18;17.81;24.19;18.7;53.02
2015-07-20;18:24;17.985;24.19;19.03;53.49
2015-07-20;18:30;17.81;23.865;19.03;53.34
2015-07-20;18:36;17.985;23.865;19.03;53.49
2015-07-20;18:42;17.81;24.19;19.03;52.86
2015-07-20;18:48;17.81;24.19;19.35;52.86
2015-07-20;18:54;17.985;23.865;19.03;52.86
2015-07-20;19:00;17.9;23.865;19.03;53.02
2015-07-20;19:06;17.64;23.865;19.35;53.18
2015-07-20;19:12;17.55;24.19;19.35;51.44
2015-07-20;19:18;17.205;24.35;19.67;50.34
2015-07-20;19:24;17.64;23.865;19.03;52.07
2015-07-20;19:30;17.81;23.865;19.35;52.55
2015-07-20;19:36;17.725;23.865;19.03;53.02
2015-07-20;19:42;17.55;23.865;19.67;51.6
2015-07-20;20:00;17.12;23.865;19.35;51.13
2015-07-20;20:06;-25.8;23.87;;
2015-07-20;20:18;17.205;24.025;19.67;51.29
2015-07-20;20:24;16.77;24.19;19.67;49.87
2015-07-20;20:30;16.6;24.35;19.67;49.39
2015-07-20;20:36;16.685;24.03;19.67;50.02
2015-07-20;20:42;16.6;24.35;19.67;49.55
2015-07-20;21:00;16.425;24.03;19.67;49.71
2015-07-20;21:06;16.34;24.19;20.0;49.55
2015-07-20;21:12;16.165;24.35;19.67;48.76
2015-07-20;21:18;16.165;24.51;20.0;48.76
2015-07-20;21:24;15.905;24.51;20.32;48.61
2015-07-20;21:36;57.78;24.83;20.0;47.98
2015-07-20;21:42;16.165;24.19;20.0;49.08
2015-07-20;22:00;15.73;24.51;20.0;48.13
2015-07-20;22:06;15.73;24.67;20.32;47.82
2015-07-20;22:12;15.73;24.67;20.0;47.82
2015-07-20;22:18;15.73;24.67;20.32;47.66
2015-07-20;22:24;15.47;24.51;20.0;47.66
2015-07-20;22:30;15.82;24.19;20.0;48.13
2015-07-20;22:36;15.47;24.51;20.0;47.98
2015-07-20;22:42;15.295;24.51;20.0;47.66
2015-07-20;22:48;15.385;24.51;20.0;47.5
2015-07-20;22:54;-25.8;24.51;20.0;47.5
2015-07-20;23:00;15.385;24.67;20.0;47.19
2015-07-20;23:06;15.295;24.83;20.32;47.5
2015-07-20;23:12;15.295;24.83;20.32;47.5
2015-07-20;23:18;15.21;24.67;20.32;47.5
2015-07-20;23:24;15.21;24.835;20.32;47.34
2015-07-20;23:30;15.21;25.32;20.32;47.34
2015-07-20;23:36;15.21;24.835;20.32;47.19
2015-07-20;23:42;15.21;24.835;20.32;47.19
2015-07-20;23:48;15.035;24.835;20.32;47.19
2015-07-20;23:54;15.125;24.835;20.32;47.03
2015-07-21;00:00;15.21;24.835;20.32;47.19
2015-07-21;00:06;14.95;24.835;20.32;47.34
2015-07-21;00:12;15.125;24.835;20.32;47.03
2015-07-21;00:18;14.865;24.835;20.32;47.03
2015-07-21;00:24;15.125;24.835;20.32;47.03
2015-07-21;00:30;14.865;24.835;20.32;47.19
2015-07-21;00:36;14.865;24.995;20.64;46.87
2015-07-21;00:42;15.035;24.835;20.32;47.19
2015-07-21;00:48;14.775;24.835;20.32;47.03
2015-07-21;00:54;14.775;24.995;20.32;46.87
2015-07-21;01:00;14.95;24.515;20.32;47.03
2015-07-21;01:06;14.605;24.67;20.32;46.87
2015-07-21;01:12;14.775;24.67;20.32;46.4
2015-07-21;01:18;55.01;24.83;;
2015-07-21;01:30;14.69;24.83;20.32;45.93
2015-07-21;01:36;14.69;24.67;20.64;46.24
2015-07-21;01:42;14.43;24.67;20.32;46.56
2015-07-21;01:48;14.515;24.835;20.64;46.4
2015-07-21;01:54;14.43;24.67;20.64;46.24
2015-07-21;02:00;14.345;24.835;20.64;46.4
2015-07-21;02:06;14.345;25.16;20.64;46.4
2015-07-21;02:12;14.345;25.16;20.32;46.4
2015-07-21;02:18;14.43;24.835;;
2015-07-21;02:30;14.43;24.835;20.32;46.24
2015-07-21;02:36;14.255;24.67;20.64;46.24
2015-07-21;02:48;;;20.32;45.93
2015-07-21;02:54;14.43;24.835;20.32;45.77
2015-07-21;03:00;14.43;24.835;20.64;45.77
2015-07-21;03:06;14.345;24.67;20.32;45.93
2015-07-21;03:12;14.255;24.67;20.64;45.93
2015-07-21;03:18;14.17;25.155;20.32;45.93
2015-07-21;03:24;14.255;24.67;20.64;46.08
2015-07-21;03:30;14.255;24.67;20.32;46.08
2015-07-21;03:36;14.345;24.67;20.32;45.93
2015-07-21;03:42;14.17;24.67;20.64;45.77
2015-07-21;03:48;14.17;24.67;20.64;46.08
2015-07-21;03:54;14.085;24.67;20.32;45.61
2015-07-21;04:00;14.085;24.67;20.32;45.45
2015-07-21;04:06;14.085;24.67;20.32;45.77
2015-07-21;04:12;14.255;24.67;20.64;45.93
2015-07-21;04:18;13.995;24.67;20.64;45.61
2015-07-21;04:24;14.255;24.67;20.64;45.3
2015-07-21;04:30;14.085;24.995;20.64;45.3
2015-07-21;04:36;14.17;24.67;20.64;45.3
2015-07-21;04:42;14.255;24.67;20.64;45.14
2015-07-21;04:48;14.17;24.83;20.32;45.3
2015-07-21;04:54;13.91;24.67;20.64;45.3
2015-07-21;05:12;13.825;24.67;20.64;45.45
2015-07-21;05:18;13.91;24.83;20.32;45.61
2015-07-21;05:24;14.085;24.67;20.64;45.45
2015-07-21;05:30;13.825;24.67;20.64;45.45
2015-07-21;05:36;13.825;24.67;20.96;45.45
2015-07-21;05:42;13.825;24.67;20.64;45.45
2015-07-21;05:48;13.825;24.67;20.64;45.3
2015-07-21;05:54;14.085;24.67;20.64;45.3
2015-07-21;06:00;13.995;24.67;20.64;45.3
2015-07-21;06:06;13.825;24.83;20.64;45.14
2015-07-21;06:12;13.995;24.67;20.64;44.98
2015-07-21;06:18;13.825;24.67;20.64;45.3
2015-07-21;06:24;13.995;24.67;20.64;45.14
2015-07-21;06:30;13.825;24.67;20.64;45.14
2015-07-21;06:36;13.91;24.67;20.64;45.45
2015-07-21;06:42;13.735;24.67;20.64;45.61
2015-07-21;06:48;13.995;24.67;20.64;45.77
2015-07-21;06:54;14.085;24.995;20.64;45.45
2015-07-21;07:00;14.085;24.67;20.64;45.61
2015-07-21;07:06;13.995;24.67;20.96;45.45
2015-07-21;07:12;13.91;24.67;20.96;45.3
2015-07-21;07:18;13.91;24.67;20.96;45.77
2015-07-21;07:24;14.17;24.67;20.96;45.3
2015-07-21;07:30;13.91;24.83;20.96;45.45
2015-07-21;07:36;14.085;24.995;20.96;44.98
2015-07-21;07:42;13.995;24.995;20.96;45.14
2015-07-21;08:06;13.045;25.48;;
2015-07-21;08:12;13.39;24.995;20.96;44.03
2015-07-21;08:18;13.215;24.835;20.96;43.4
2015-07-21;08:24;12.61;24.995;20.96;43.72
2015-07-21;08:30;12.785;24.675;21.29;43.25
2015-07-21;08:36;;;20.96;42.93
2015-07-21;08:48;12.785;24.51;21.29;42.93
2015-07-21;08:54;12.435;24.835;20.96;42.93
2015-07-21;09:00;12.695;25.48;21.29;42.46
2015-07-21;09:06;12.785;24.675;21.29;42.46
2015-07-21;09:12;12.695;24.995;20.96;42.46
2015-07-21;09:18;12.26;24.995;21.29;42.93
2015-07-21;09:24;12.52;24.835;21.29;41.98
2015-07-21;10:00;12.695;24.35;20.96;42.3
2015-07-21;10:06;12.695;24.835;21.29;42.77
2015-07-21;10:12;12.52;24.995;21.29;42.46
2015-07-21;10:30;52.06;25.16;20.96;42.93
2015-07-21;10:36;12.785;24.835;20.96;42.93
2015-07-21;10:42;13.13;24.83;20.96;42.77
2015-07-21;10:48;13.305;24.675;20.96;43.56
2015-07-21;10:54;13.13;24.83;21.29;42.93
2015-07-21;11:00;-25.8;24.19;20.64;44.03
2015-07-21;11:06;13.735;24.67;;
2015-07-21;12:00;14.345;24.995;20.96;46.4
2015-07-21;12:06;14.605;24.995;21.29;45.77
2015-07-21;12:12;14.69;24.835;20.96;46.87
2015-07-21;12:18;15.035;24.995;20.96;46.08
2015-07-21;12:24;14.605;24.995;;
2015-07-21;12:30;15.125;24.995;20.96;47.03
2015-07-21;12:36;14.775;24.835;20.96;45.93
2015-07-21;12:42;15.47;24.83;20.64;47.98
2015-07-21;12:48;14.95;24.995;20.96;47.03
2015-07-21;12:54;15.125;24.835;20.96;47.19
2015-07-21;13:00;15.73;24.83;20.32;48.76
2015-07-21;13:06;15.905;24.51;20.32;48.92
2015-07-21;13:12;15.47;26.93;20.64;47.34
2015-07-21;13:18;15.73;24.675;20.64;47.82
2015-07-21;13:24;15.645;24.835;20.64;48.61
2015-07-21;13:30;15.295;24.835;20.64;47.66
2015-07-21;13:36;15.905;24.83;20.32;48.76
2015-07-21;13:42;15.99;24.51;20.32;49.39
2015-07-21;13:48;16.25;24.51;20.32;49.87
2015-07-21;13:54;16.165;24.51;20.32;49.71
2015-07-21;14:12;16.51;25.32;20.32;49.71
2015-07-21;14:18;15.82;24.835;20.64;48.45
2015-07-21;14:24;16.25;24.835;20.32;50.02
2015-07-21;14:30;16.51;25.16;20.32;50.18
2015-07-21;14:36;16.425;24.835;20.32;49.55
2015-07-21;14:42;16.86;24.835;20.32;50.81
2015-07-21;14:48;17.03;24.835;20.0;50.97
2015-07-21;14:54;17.03;24.67;19.67;51.44
2015-07-21;15:00;17.29;24.51;20.0;51.44
2015-07-21;15:06;17.29;24.51;19.67;51.76
2015-07-21;15:12;17.29;24.51;19.67;51.92
2015-07-21;15:18;17.465;24.51;19.67;51.76
2015-07-21;15:24;17.205;24.83;19.67;51.92
2015-07-21;15:42;17.29;24.51;20.0;52.07
2015-07-21;15:48;17.465;24.51;19.35;52.07
2015-07-21;15:54;17.55;24.51;19.67;52.55
2015-07-21;16:00;17.465;24.51;19.67;52.23
2015-07-21;16:06;17.725;24.51;19.35;52.39
2015-07-21;16:12;17.725;24.67;19.67;52.39
2015-07-21;16:18;17.64;24.67;19.35;52.07
2015-07-21;16:24;17.81;24.51;19.35;52.71
2015-07-21;16:30;17.725;24.51;19.35;52.86
2015-07-21;16:36;17.64;24.51;19.35;52.55
2015-07-21;16:42;17.64;24.51;19.35;52.71
2015-07-21;16:48;17.64;24.51;19.35;52.39
2015-07-21;16:54;17.9;24.51;19.35;52.71
2015-07-21;17:00;17.725;24.51;19.35;52.55
2015-07-21;17:06;61.25;24.83;19.35;52.55
2015-07-21;17:18;17.64;24.51;19.35;52.71
2015-07-21;17:24;17.81;24.51;19.35;52.86
2015-07-21;17:36;-25.8;24.19;19.03;52.86
2015-07-21;17:42;17.725;24.835;19.35;53.02
2015-07-21;18:18;17.64;24.35;19.35;51.29
2015-07-21;18:24;17.81;24.19;19.35;51.6
2015-07-21;18:30;17.9;24.19;19.03;52.55
2015-07-21;18:36;17.465;24.83;19.67;51.13
2015-07-21;18:42;17.205;24.995;19.67;50.34
2015-07-21;18:48;17.03;25.16;19.67;50.02
2015-07-21;18:54;16.685;25.16;20.0;49.39
2015-07-21;19:00;16.685;25.16;19.67;50.02
2015-07-21;19:06;17.29;24.51;19.35;52.23
2015-07-21;19:12;17.55;24.51;19.67;52.23
2015-07-21;19:18;17.03;24.835;19.67;50.34
2015-07-21;19:24;16.685;24.995;20.0;49.71
2015-07-21;19:30;16.685;25.16;20.0;49.24
2015-07-21;19:36;58.65;25.48;20.32;48.92
2015-07-21;19:42;16.34;25.32;;
2015-07-21;19:48;16.51;25.32;20.32;48.61
2015-07-21;19:54;16.425;25.32;20.32;48.76
2015-07-21;20:06;58.48;25.48;;
2015-07-21;20:12;16.25;25.48;20.32;48.13
2015-07-21;20:18;16.34;25.64;20.64;48.29
2015-07-21;20:24;16.25;25.64;20.64;48.45
2015-07-21;20:30;16.165;25.64;20.64;48.29
2015-07-21;20:36;16.08;25.64;20.32;48.45
2015-07-21;20:42;16.25;25.64;20.64;48.61
2015-07-21;20:48;16.25;25.64;20.64;48.76
2015-07-21;20:54;16.165;25.64;20.64;48.45
2015-07-21;21:00;16.165;25.64;20.64;48.45
2015-07-21;21:06;-25.8;25.48;20.64;48.29
2015-07-21;21:18;58.13;25.8;;
2015-07-21;21:24;16.08;25.64;20.64;48.61
2015-07-21;21:30;15.905;25.96;20.64;48.61
2015-07-21;21:36;16.08;25.64;20.32;48.61
2015-07-21;21:42;15.99;25.64;20.64;48.45
2015-07-21;21:48;15.905;25.64;20.32;48.13
2015-07-21;21:54;15.73;25.96;20.32;48.29
2015-07-21;22:00;15.82;25.64;20.64;48.13
2015-07-21;22:06;15.645;25.48;20.32;48.13
2015-07-21;22:12;15.73;25.96;20.64;48.13
2015-07-21;22:18;15.555;25.48;20.64;48.13
2015-07-21;22:24;15.73;25.48;20.64;48.13
2015-07-21;22:30;15.645;25.64;20.64;48.13
2015-07-21;22:36;15.73;25.48;20.32;48.29
2015-07-21;22:42;15.73;25.64;20.64;48.29
2015-07-21;23:12;15.47;25.96;20.64;47.98
2015-07-21;23:18;15.385;25.48;20.64;47.98
2015-07-21;23:24;15.555;25.48;20.64;47.82
2015-07-21;23:30;15.555;25.64;20.64;47.82
2015-07-21;23:36;15.21;25.48;20.64;47.66
2015-07-21;23:42;15.295;25.64;20.64;47.66
2015-07-21;23:48;56.39;25.8;;
2015-07-22;00:18;-25.8;25.16;20.64;47.5
2015-07-22;00:24;15.21;25.48;20.32;47.5
2015-07-22;00:30;15.125;25.96;20.64;47.5
2015-07-22;00:36;15.295;25.48;20.64;47.82
2015-07-22;00:42;15.21;25.48;20.64;47.82
2015-07-22;00:48;15.035;25.48;20.64;47.82
2015-07-22;00:54;15.295;25.48;20.64;47.82
2015-07-22;01:30;15.21;25.48;20.64;47.19
2015-07-22;01:36;14.95;25.48;20.64;47.5
2015-07-22;01:42;15.035;25.48;20.64;47.5
2015-07-22;01:48;15.035;25.48;20.64;47.19
2015-07-22;01:54;15.125;25.8;20.64;47.03
2015-07-22;02:00;14.95;25.8;20.64;47.03
2015-07-22;02:06;14.865;25.32;20.64;47.03
2015-07-22;02:12;15.035;25.32;20.64;47.03
2015-07-22;02:18;14.865;25.32;20.64;47.03
2015-07-22;02:24;14.95;25.32;20.64;47.03
2015-07-22;02:30;14.865;25.48;20.64;46.87
2015-07-22;02:36;14.865;25.8;20.64;47.03
2015-07-22;02:42;15.035;25.32;20.64;47.03
2015-07-22;02:48;14.95;25.32;20.64;47.03
2015-07-22;02:54;14.69;25.32;20.64;46.87
2015-07-22;03:00;14.775;25.32;;
2015-07-22;03:06;14.865;25.32;20.64;46.87
2015-07-22;03:12;14.69;25.32;20.64;46.71
2015-07-22;03:18;14.775;25.32;20.64;46.71
2015-07-22;03:24;14.775;25.32;20.64;46.71
2015-07-22;03:30;14.775;25.8;20.64;46.87
2015-07-22;03:36;14.865;25.48;20.64;47.03
2015-07-22;03:42;15.035;25.32;20.64;47.03
2015-07-22;03:48;14.69;25.32;20.64;47.03
2015-07-22;03:54;14.69;25.32;20.96;46.71
2015-07-22;04:00;14.605;25.32;20.64;46.87
2015-07-22;04:06;14.605;25.32;20.64;46.56
2015-07-22;04:12;14.775;25.48;20.64;46.71
2015-07-22;04:18;14.605;25.32;20.64;46.56
2015-07-22;04:24;14.605;25.64;20.64;46.56
2015-07-22;04:30;14.775;25.32;20.64;46.56
2015-07-22;04:36;55.18;25.48;20.64;46.56
2015-07-22;04:42;14.865;25.155;20.64;46.87
2015-07-22;04:48;14.69;25.32;20.64;46.87
2015-07-22;04:54;14.865;25.48;20.64;47.19
2015-07-22;05:00;14.775;25.32;20.64;47.03
2015-07-22;05:06;14.865;25.32;20.64;46.87
2015-07-22;05:12;14.69;25.32;20.64;46.87
2015-07-22;05:18;14.69;25.16;20.32;46.71
2015-07-22;05:24;14.515;25.32;20.64;46.71
2015-07-22;05:30;14.69;25.32;20.64;46.71
2015-07-22;05:36;14.69;25.155;20.64;46.56
2015-07-22;05:48;54.83;25.16;20.64;46.71
2015-07-22;05:54;14.69;25.155;20.32;46.71
2015-07-22;06:00;14.69;25.32;20.64;46.71
2015-07-22;06:06;14.605;25.16;20.64;46.71
2015-07-22;06:18;54.83;25.48;20.64;46.71
2015-07-22;06:24;14.43;25.16;20.64;46.4
2015-07-22;06:30;14.605;25.32;20.64;46.4
2015-07-22;06:36;14.605;25.32;20.64;46.4
2015-07-22;06:42;14.69;25.32;20.64;46.24
2015-07-22;06:48;14.515;25.32;20.64;46.24
2015-07-22;06:54;14.515;25.32;20.64;46.87
2015-07-22;07:12;14.605;25.32;20.64;46.87
2015-07-22;07:18;14.605;25.32;20.64;46.56
2015-07-22;07:24;14.69;25.32;20.64;46.4
2015-07-22;07:30;14.605;25.965;20.64;46.08
2015-07-22;07:36;14.43;25.64;20.96;45.93
2015-07-22;07:42;14.515;25.64;20.96;46.08
2015-07-22;07:48;14.605;25.64;20.96;45.77
2015-07-22;07:54;14.43;25.64;21.29;45.61
2015-07-22;08:00;14.43;25.8;20.96;45.45
2015-07-22;08:06;14.345;26.285;21.29;45.61
2015-07-22;08:12;14.345;25.8;21.29;45.14
2015-07-22;08:30;14.085;26.285;21.29;45.14
2015-07-22;08:36;14.515;25.96;21.29;45.14
2015-07-22;08:42;13.91;26.12;21.29;44.98
2015-07-22;08:48;13.735;26.12;21.61;45.3
2015-07-22;08:54;13.735;26.445;21.61;45.14
2015-07-22;09:06;53.27;26.12;21.61;44.82
2015-07-22;09:12;13.91;26.12;21.61;45.14
2015-07-22;09:18;13.825;26.12;21.61;44.98
2015-07-22;09:24;14.085;26.12;21.61;44.66
2015-07-22;09:36;53.97;26.12;21.61;44.98
2015-07-22;09:42;13.995;26.285;21.61;44.66
2015-07-22;10:06;53.79;26.45;21.61;44.51
2015-07-22;10:12;14.085;26.285;21.61;44.82
2015-07-22;10:18;14.17;26.61;;
2015-07-22;10:24;14.255;26.45;21.61;45.14
2015-07-22;10:30;13.995;26.45;21.61;44.66
2015-07-22;10:36;13.995;26.61;21.61;44.51
2015-07-22;10:42;14.085;26.45;20.96;44.82
2015-07-22;10:48;14.17;26.45;21.93;44.82
2015-07-22;10:54;14.255;26.45;21.61;44.35
2015-07-22;11:00;14.17;26.45;21.93;44.66
2015-07-22;11:06;14.255;26.77;21.93;44.66
2015-07-22;11:12;-25.8;26.77;21.93;44.98
2015-07-22;11:18;54.31;26.77;21.93;44.35
2015-07-22;11:30;14.43;26.77;21.61;44.66
2015-07-22;11:36;54.49;26.77;21.93;44.51
2015-07-22;12:18;-25.8;27.74;;
2015-07-22;12:24;14.605;26.77;21.93;45.3
2015-07-22;12:30;14.69;26.77;21.93;44.98
2015-07-22;12:36;14.865;26.93;21.93;44.82
2015-07-22;12:42;15.035;27.09;21.93;45.45
2015-07-22;12:48;56.05;26.77;;
2015-07-22;13:00;14.865;26.77;21.93;45.77
2015-07-22;13:06;55.7;26.77;21.61;46.56
2015-07-22;13:18;-25.8;25.16;20.64;50.5
2015-07-22;13:24;17.12;25.48;20.32;51.6
2015-07-22;13:30;17.29;25.315;20.0;51.44
2015-07-22;13:36;17.29;25.155;20.0;52.23
2015-07-22;13:42;60.9;25.8;20.0;52.07
2015-07-22;13:48;17.465;25.155;20.32;52.07
2015-07-22;13:54;17.205;25.155;20.0;52.07
2015-07-22;14:00;17.12;25.155;20.0;52.07
2015-07-22;14:06;17.205;25.32;19.67;51.92
2015-07-22;14:12;17.12;25.155;20.0;51.6
2015-07-22;14:18;17.12;25.155;20.0;52.07
2015-07-22;14:24;17.205;25.48;20.0;52.07
2015-07-22;14:30;17.38;25.155;19.67;52.07
2015-07-22;14:36;17.205;25.155;19.67;52.23
2015-07-22;14:42;17.38;25.155;19.67;51.92
2015-07-22;14:48;17.205;25.32;19.67;52.23
2015-07-22;14:54;17.38;24.995;19.67;52.07
2015-07-22;15:00;17.29;25.155;19.67;52.39
2015-07-22;15:06;17.465;24.835;19.67;52.55
2015-07-22;15:18;60.73;25.16;19.67;52.71
2015-07-22;15:24;17.725;25.16;19.67;52.55
2015-07-22;15:30;17.55;24.835;19.35;52.39
2015-07-22;15:36;17.465;24.835;;
2015-07-22;15:48;61.25;25.16;19.35;52.71
2015-07-22;15:54;17.64;24.835;19.67;52.55
2015-07-22;16:00;17.465;24.995;19.67;52.39
2015-07-22;16:06;17.64;24.835;;
2015-07-22;16:18;61.42;25.16;19.35;53.18
2015-07-22;16:24;18.245;25.155;19.35;53.02
2015-07-22;16:30;18.16;25.155;19.35;53.02
2015-07-22;16:36;18.07;25.32;19.03;53.34
2015-07-22;16:42;17.985;25.32;19.35;53.49
2015-07-22;16:48;18.16;25.48;19.35;53.49
2015-07-22;16:54;18.245;25.155;19.35;53.49
2015-07-22;17:00;18.16;25.155;19.35;53.81
2015-07-22;17:06;18.245;25.155;19.03;53.65
2015-07-22;17:12;18.16;25.155;19.35;53.65
2015-07-22;17:18;18.245;25.64;19.35;51.92
2015-07-22;17:24;17.55;25.32;19.67;50.5
2015-07-22;17:30;17.29;25.64;20.0;49.71
2015-07-22;17:36;17.12;25.32;;
2015-07-22;17:42;17.38;25.155;19.35;52.07
2015-07-22;17:48;17.55;24.835;19.67;51.44
2015-07-22;17:54;17.465;24.995;19.67;51.92
2015-07-22;18:00;17.725;24.835;19.35;52.07
2015-07-22;18:06;17.64;24.835;19.35;52.07
2015-07-22;18:12;17.465;24.835;19.67;52.23
2015-07-22;18:18;17.55;24.835;19.35;52.23
2015-07-22;18:24;17.55;24.995;19.35;51.92
2015-07-22;18:30;17.465;24.995;20.0;51.76
2015-07-22;18:36;17.38;25.32;19.67;51.92
2015-07-22;18:42;17.38;24.835;19.67;52.07
2015-07-22;18:48;17.38;24.835;19.03;51.13
2015-07-22;18:54;17.55;24.995;19.67;51.76
2015-07-22;19:00;17.55;24.835;19.67;51.76
2015-07-22;19:06;17.205;24.51;19.67;51.29
2015-07-22;19:12;17.29;24.67;19.35;51.6
2015-07-22;19:18;17.12;24.51;19.67;50.97
2015-07-22;19:24;16.425;25.155;20.0;48.61
2015-07-22;19:30;16.08;24.835;20.32;48.45
2015-07-22;19:36;16.685;24.675;20.0;49.55
2015-07-22;19:42;16.77;24.51;19.67;50.97
2015-07-22;19:48;16.945;24.35;19.35;51.13
2015-07-22;19:54;17.03;24.51;19.67;50.81
2015-07-22;20:00;16.6;24.835;20.0;49.55
2015-07-22;20:06;16.165;24.995;20.0;49.08
2015-07-22;20:12;16.165;24.995;20.32;48.61
2015-07-22;21:00;15.99;25.32;20.32;48.29
2015-07-22;21:06;;;20.32;47.82
2015-07-22;21:18;15.99;25.32;20.32;48.29
2015-07-22;21:24;16.165;24.835;20.32;48.76
2015-07-22;21:30;15.905;24.995;20.32;48.76
2015-07-22;21:36;15.73;25.32;20.32;48.29
2015-07-22;21:42;15.645;25.32;20.64;47.98
2015-07-22;21:48;15.82;25.32;20.32;48.13
2015-07-22;21:54;15.73;25.32;20.64;47.82
2015-07-22;22:00;15.82;25.64;20.64;47.5
2015-07-22;22:06;15.82;25.64;20.64;47.82
2015-07-22;22:12;15.82;24.835;20.32;48.61
2015-07-22;22:18;15.73;27.255;20.32;48.45
2015-07-22;22:24;15.555;25.32;20.64;47.98
2015-07-22;22:30;15.385;25.48;20.64;47.5
2015-07-22;22:36;15.47;25.32;20.64;47.66
2015-07-22;22:42;15.47;25.48;20.64;47.34
2015-07-22;23:00;15.385;25.64;20.64;47.34
2015-07-22;23:06;15.295;25.64;20.64;47.19
2015-07-22;23:12;15.295;25.64;20.64;47.34
2015-07-22;23:18;-25.8;25.8;;
2015-07-22;23:48;;;20.64;47.5
2015-07-22;23:54;15.125;25.8;20.96;47.5
2015-07-23;00:06;;;20.64;47.19
2015-07-23;00:12;14.95;25.64;20.64;47.19
2015-07-23;00:18;15.125;25.64;20.64;47.19
2015-07-23;00:24;15.035;25.96;20.64;47.19
2015-07-23;00:30;15.125;25.64;20.64;47.34
2015-07-23;00:36;14.865;27.25;20.64;47.34
2015-07-23;00:42;14.865;25.64;20.64;47.34
2015-07-23;00:48;15.125;25.64;20.64;47.34
2015-07-23;00:54;15.035;25.64;;
2015-07-23;01:00;14.95;25.8;20.64;46.87
2015-07-23;01:06;14.865;25.8;20.64;46.87
2015-07-23;01:12;14.95;25.64;20.96;46.87
2015-07-23;01:18;14.95;26.125;20.64;47.03
2015-07-23;01:24;14.865;25.48;20.64;46.87
2015-07-23;01:30;14.865;25.64;20.64;46.87
2015-07-23;01:36;14.775;25.8;20.64;47.03
2015-07-23;01:42;14.865;25.48;20.64;47.03
2015-07-23;01:48;14.69;25.64;20.64;47.03
2015-07-23;01:54;14.775;25.96;20.96;47.03
2015-07-23;02:00;14.69;25.64;20.96;46.71
2015-07-23;02:06;14.605;25.64;20.64;47.03
2015-07-23;02:12;14.775;25.8;20.96;46.71
2015-07-23;02:18;14.605;25.48;20.64;46.4
2015-07-23;02:24;14.775;25.64;20.64;46.4
2015-07-23;02:30;14.775;25.48;20.64;46.4
2015-07-23;02:36;14.605;25.48;20.64;46.56
2015-07-23;02:42;14.515;25.8;20.96;46.56
2015-07-23;02:48;14.605;25.48;20.64;46.71
2015-07-23;02:54;14.515;25.48;20.64;46.71
2015-07-23;03:00;14.605;25.64;20.96;46.4
2015-07-23;03:06;14.43;25.48;20.64;46.56
2015-07-23;03:12;14.515;25.48;20.64;46.56
2015-07-23;03:18;14.43;25.48;20.64;46.4
2015-07-23;03:24;14.43;25.48;20.64;46.4
2015-07-23;03:48;14.255;25.8;20.96;45.93
2015-07-23;03:54;14.345;25.32;20.64;45.93
2015-07-23;04:00;14.085;25.32;20.96;45.93
2015-07-23;04:06;14.345;25.32;20.96;46.08
2015-07-23;04:12;14.17;25.32;20.96;46.08
2015-07-23;04:18;14.345;25.64;20.64;45.93
2015-07-23;04:24;14.17;25.48;20.64;45.93
2015-07-23;04:30;14.17;25.32;20.64;46.08
2015-07-23;04:36;14.255;25.32;20.64;45.93
2015-07-23;04:42;14.17;25.32;20.64;45.93
2015-07-23;04:48;14.17;25.32;20.64;45.77
2015-07-23;04:54;14.085;25.32;20.96;45.77
2015-07-23;05:00;13.995;25.32;20.64;45.77
2015-07-23;05:06;13.995;25.64;20.64;45.77
2015-07-23;05:12;14.085;25.32;20.64;45.45
2015-07-23;05:18;13.91;25.32;20.64;45.45
2015-07-23;05:24;13.91;25.32;20.96;45.45
2015-07-23;05:30;13.825;25.32;20.64;45.3
2015-07-23;05:36;13.91;25.8;20.96;45.45
2015-07-23;05:42;13.995;25.32;20.96;45.3
2015-07-23;05:48;13.995;25.32;20.64;45.61
2015-07-23;05:54;13.995;25.32;20.96;45.45
2015-07-23;06:00;13.91;25.32;20.96;45.45
2015-07-23;06:06;13.995;25.32;20.96;45.61
2015-07-23;06:12;13.825;25.8;20.96;45.3
2015-07-23;06:18;13.995;25.32;20.64;45.3
2015-07-23;06:24;13.825;25.32;20.96;45.3
2015-07-23;06:30;13.825;25.32;20.96;45.3
2015-07-23;06:36;53.45;25.48;;
2015-07-23;06:48;13.995;25.32;20.96;45.45
2015-07-23;06:54;13.825;25.32;20.96;45.61
2015-07-23;07:00;14.085;25.32;20.96;45.3
2015-07-23;07:06;53.97;25.48;;
2015-07-23;07:18;13.995;25.48;20.96;45.61
2015-07-23;07:24;13.91;25.48;20.96;45.45
2015-07-23;07:30;13.995;25.48;20.96;45.45
2015-07-23;07:36;14.085;25.64;20.96;44.98
2015-07-23;07:42;14.085;25.64;21.29;44.82
2015-07-23;07:48;13.91;25.8;21.29;44.51
2015-07-23;07:54;53.79;25.8;21.29;44.66
2015-07-23;08:00;13.995;25.8;21.29;44.66
2015-07-23;08:06;13.825;25.8;21.29;44.66
2015-07-23;08:12;13.825;25.96;;
2015-07-23;08:18;13.735;25.96;21.29;44.19
2015-07-23;08:24;13.735;25.64;21.29;44.51
2015-07-23;08:36;52.75;25.8;;
2015-07-23;08:42;13.735;26.285;21.61;44.19
2015-07-23;08:48;-25.8;25.8;21.61;43.88
2015-07-23;09:00;13.215;25.64;21.29;44.03
2015-07-23;09:06;13.39;25.8;21.29;44.19
2015-07-23;09:12;13.825;25.96;21.29;44.03
2015-07-23;09:18;13.65;25.96;21.61;44.03
2015-07-23;09:24;13.565;25.8;21.29;44.35
2015-07-23;09:30;13.65;25.64;21.29;44.35
2015-07-23;09:36;13.565;25.96;21.29;44.19
2015-07-23;09:42;13.65;25.48;21.29;43.56
2015-07-23;09:48;-25.8;25.8;21.29;44.51
2015-07-23;10:00;13.65;25.64;20.96;44.19
2015-07-23;10:06;13.565;25.8;21.29;43.88
2015-07-23;10:12;13.565;25.8;21.61;44.19
2015-07-23;10:18;13.825;25.64;21.29;44.66
2015-07-23;10:24;14.085;25.48;21.29;44.19
2015-07-23;10:30;14.515;24.835;20.96;46.08
2015-07-23;10:36;-25.8;24.19;20.32;47.19
2015-07-23;10:48;56.22;24.83;20.32;47.98
2015-07-23;10:54;15.295;24.67;20.32;48.13
2015-07-23;11:00;15.47;24.67;20.32;48.61
2015-07-23;11:06;15.47;24.51;20.32;48.29
2015-07-23;11:12;15.47;24.51;20.32;48.45
2015-07-23;11:18;15.555;24.67;20.0;49.08
2015-07-23;11:24;-25.8;23.87;20.0;48.92
2015-07-23;11:30;15.82;24.51;20.0;49.39
2015-07-23;11:36;16.25;24.19;20.0;50.18
2015-07-23;11:42;16.51;24.35;19.67;51.13
2015-07-23;11:48;16.77;24.19;19.67;50.66
2015-07-23;11:54;16.34;24.35;19.67;50.18
2015-07-23;12:00;16.425;24.025;19.67;50.5
2015-07-23;12:06;16.6;24.35;19.67;51.13
2015-07-23;12:12;16.425;26.125;19.67;51.13
2015-07-23;12:18;16.685;24.19;19.67;51.13
2015-07-23;12:24;16.86;24.19;19.67;50.66
2015-07-23;12:30;16.6;24.025;19.67;51.44
2015-07-23;12:36;16.945;24.19;19.35;51.29
2015-07-23;12:42;17.03;24.19;19.35;51.6
2015-07-23;12:48;16.86;24.19;19.35;51.92
2015-07-23;12:54;16.945;24.35;19.35;51.76
2015-07-23;13:00;17.03;24.03;19.35;51.92
2015-07-23;13:06;17.29;24.19;19.35;52.39
2015-07-23;13:12;17.38;24.19;19.35;52.39
2015-07-23;13:18;17.55;24.19;19.03;53.02
2015-07-23;13:24;17.725;24.19;19.35;53.02
2015-07-23;13:30;17.55;24.19;19.35;52.55
2015-07-23;13:36;17.725;24.19;;
2015-07-23;13:48;-25.8;23.87;19.35;52.86
2015-07-23;13:54;17.55;24.67;19.35;52.55
2015-07-23;14:00;17.64;24.19;19.03;52.39
2015-07-23;14:06;60.9;24.51;;
2015-07-23;14:18;-25.8;24.19;19.03;53.02
2015-07-23;14:24;17.725;24.19;19.03;53.18
2015-07-23;14:30;17.81;24.19;19.03;53.18
2015-07-23;14:36;18.07;24.35;18.7;53.65
2015-07-23;14:42;18.245;24.35;19.03;53.65
2015-07-23;14:48;18.16;24.35;18.7;53.81
2015-07-23;14:54;18.16;24.35;19.03;53.65
2015-07-23;15:00;18.245;24.67;18.7;53.65
2015-07-23;15:06;18.07;24.51;19.03;53.18
2015-07-23;15:12;17.985;24.35;19.03;53.34
2015-07-23;15:18;18.16;24.67;19.03;53.18
2015-07-23;15:24;18.16;24.35;18.7;53.97
2015-07-23;15:30;18.33;24.35;;
2015-07-23;15:36;18.42;24.19;18.7;54.28
2015-07-23;15:42;18.765;24.19;18.7;54.12
2015-07-23;15:48;18.68;24.35;18.7;54.28
2015-07-23;15:54;18.68;24.35;18.7;53.97
2015-07-23;16:00;18.33;24.19;18.7;54.12
2015-07-23;16:06;18.59;24.35;18.7;53.97
2015-07-23;16:12;18.68;24.35;18.7;54.12
2015-07-23;16:18;18.42;24.19;18.7;54.28
2015-07-23;16:24;18.33;24.35;18.7;54.28
2015-07-23;16:30;18.07;24.51;18.7;53.81
2015-07-23;16:36;18.16;24.35;18.7;53.34
2015-07-23;16:42;18.33;24.19;18.7;53.81
2015-07-23;16:48;18.245;24.19;18.7;53.65
2015-07-23;16:54;18.07;24.19;18.7;53.65
2015-07-23;17:00;62.12;24.51;19.03;53.49
2015-07-23;17:06;18.07;24.67;19.03;53.02
2015-07-23;17:30;18.16;24.19;18.38;53.18
2015-07-23;17:36;18.07;24.19;18.7;53.02
2015-07-23;17:42;17.9;25.155;18.7;52.86
2015-07-23;17:48;17.725;24.35;19.03;52.86
2015-07-23;17:54;17.81;24.19;18.7;53.02
2015-07-23;18:00;17.81;24.19;18.7;52.71
2015-07-23;18:06;17.725;24.19;18.7;52.86
2015-07-23;18:12;17.465;24.19;18.7;52.39
2015-07-23;18:18;17.205;24.19;19.35;51.6
2015-07-23;18:24;17.29;24.35;19.03;51.29
2015-07-23;18:30;17.12;26.125;19.03;51.6
2015-07-23;18:36;17.205;24.19;19.03;51.6
2015-07-23;18:42;59.69;24.51;19.35;51.13
2015-07-23;18:48;16.945;26.285;19.35;50.97
2015-07-23;18:54;16.685;24.03;19.35;50.81
2015-07-23;19:12;16.6;23.865;19.35;49.55
2015-07-23;19:18;-25.8;24.51;;
2015-07-23;19:30;16.08;23.865;19.35;48.92
2015-07-23;19:36;16.165;23.865;19.35;49.55
2015-07-23;19:42;15.82;23.705;19.35;49.55
2015-07-23;19:48;15.905;23.545;19.35;48.92
2015-07-23;19:54;15.555;23.545;19.35;49.24
2015-07-23;20:30;14.95;23.22;19.35;47.82
2015-07-23;20:36;14.95;23.06;19.35;47.66
2015-07-23;20:42;14.95;22.9;19.35;47.66
2015-07-23;20:48;14.775;22.9;19.35;47.34
2015-07-23;20:54;14.865;22.9;19.35;47.66
2015-07-23;21:00;14.69;22.9;19.35;47.34
2015-07-23;21:06;14.69;22.735;30.96;47.19
2015-07-23;21:12;14.69;22.735;19.35;46.87
2015-07-23;21:30;14.69;22.575;19.67;46.24
2015-07-23;21:36;14.69;22.415;19.67;46.24
2015-07-23;21:42;14.865;22.575;19.67;45.93
2015-07-23;21:48;14.775;22.9;19.35;46.08
2015-07-23;21:54;14.515;22.735;19.67;45.61
2015-07-23;22:00;13.995;23.22;20.0;44.19
2015-07-23;22:06;-25.8;22.58;;
2015-07-23;22:18;14.345;22.9;20.0;45.3
2015-07-23;22:24;13.995;23.22;20.32;44.98
2015-07-23;22:30;14.17;23.22;20.0;44.66
2015-07-23;22:36;14.43;23.38;20.0;45.45
2015-07-23;22:42;13.91;23.385;20.32;44.82
2015-07-23;22:48;14.255;23.38;;
2015-07-23;22:54;14.255;23.22;20.0;44.98
2015-07-23;23:00;13.825;23.22;20.0;45.3
2015-07-23;23:06;14.345;23.06;20.0;44.51
2015-07-23;23:12;14.085;23.545;20.0;45.14
2015-07-23;23:18;14.17;23.06;20.0;44.82
2015-07-23;23:24;13.91;23.87;20.32;44.98
2015-07-23;23:30;-25.8;22.58;20.32;45.14
2015-07-23;23:36;13.995;23.22;20.0;45.14
2015-07-23;23:42;14.085;23.22;20.32;44.66
2015-07-23;23:48;13.995;23.22;20.0;44.82
2015-07-23;23:54;13.91;23.38;20.0;45.3
2015-07-24;00:00;14.085;23.06;20.0;44.98
2015-07-24;00:06;54.49;23.54;20.0;45.3
2015-07-24;01:00;14.255;23.06;20.0;46.24
2015-07-24;01:06;14.17;23.545;20.0;46.24
2015-07-24;01:12;14.085;23.385;20.0;45.61
2015-07-24;01:18;14.255;23.545;20.0;46.71
2015-07-24;01:24;14.085;23.225;20.32;46.71
2015-07-24;01:30;14.345;23.38;20.0;46.4
2015-07-24;01:36;14.255;24.03;20.0;46.56
2015-07-24;01:42;13.91;23.705;20.0;45.77
2015-07-24;01:48;14.515;23.38;20.0;46.4
2015-07-24;01:54;14.255;23.705;20.0;46.4
2015-07-24;02:12;13.995;23.385;20.0;45.93
2015-07-24;02:18;14.345;23.385;20.0;46.56
2015-07-24;02:24;14.17;23.545;20.32;46.24
2015-07-24;02:30;14.085;23.06;20.32;45.45
2015-07-24;02:36;13.91;23.385;20.32;46.4
2015-07-24;02:42;13.91;23.87;20.32;45.14
2015-07-24;02:48;13.995;23.06;;
2015-07-24;03:00;13.825;23.545;20.0;44.82
2015-07-24;03:06;13.995;23.22;20.0;45.93
2015-07-24;03:12;13.735;23.545;20.64;46.08
2015-07-24;03:18;13.65;23.22;20.32;44.82
2015-07-24;03:24;13.735;23.545;20.32;45.77
2015-07-24;03:30;13.65;23.705;20.0;44.66
2015-07-24;03:36;13.91;23.06;20.32;44.82
2015-07-24;03:42;13.65;23.545;20.64;45.45
2015-07-24;03:48;13.475;23.705;20.32;44.82
2015-07-24;03:54;13.565;23.22;20.0;45.14
2015-07-24;04:00;13.39;23.545;20.32;44.98
2015-07-24;04:06;13.39;23.545;20.32;44.35
2015-07-24;04:12;13.565;23.06;20.32;44.82
2015-07-24;04:18;13.39;23.385;20.32;45.3
2015-07-24;04:24;13.475;23.705;20.32;44.82
2015-07-24;04:30;13.39;23.385;20.0;45.45
2015-07-24;04:36;13.39;23.545;20.32;46.08
2015-07-24;04:42;13.39;23.705;20.32;46.08
2015-07-24;04:48;13.13;23.225;20.0;45.3
2015-07-24;04:54;13.39;23.385;20.32;46.56
2015-07-24;05:18;13.65;23.545;20.32;46.56
2015-07-24;05:24;13.39;23.705;20.0;45.3
2015-07-24;06:00;13.565;23.545;20.32;46.08
2015-07-24;06:06;13.565;23.865;;
2015-07-24;06:12;13.65;23.865;20.0;45.93
2015-07-24;06:18;13.475;23.545;20.32;45.3
2015-07-24;06:24;13.65;23.705;20.32;45.3
2015-07-24;06:30;13.305;23.865;20.32;46.24
2015-07-24;06:36;13.305;23.865;20.32;46.56
2015-07-24;06:42;13.475;23.705;20.32;44.98
2015-07-24;06:48;;;20.32;46.56
2015-07-24;07:00;13.305;23.385;20.32;44.66
2015-07-24;07:06;13.39;23.545;20.64;45.93
2015-07-24;07:12;13.565;23.865;20.32;46.24
2015-07-24;07:18;13.39;23.705;20.32;46.71
2015-07-24;07:24;13.39;23.545;20.32;44.66
2015-07-24;07:30;13.305;23.865;20.32;45.61
2015-07-24;07:36;13.215;23.705;20.64;45.3
2015-07-24;07:42;13.475;23.705;20.32;44.51
2015-07-24;07:48;;;20.32;44.19
2015-07-24;08:00;13.39;23.865;20.64;44.19
2015-07-24;08:06;13.215;23.385;20.32;44.03
2015-07-24;08:12;13.305;23.865;20.64;43.72
2015-07-24;08:18;13.305;23.385;20.32;43.88
2015-07-24;08:24;13.045;23.865;20.64;43.4
2015-07-24;08:36;13.13;23.705;;
2015-07-24;08:42;13.305;24.03;20.64;43.56
2015-07-24;08:48;13.305;23.385;20.64;43.56
2015-07-24;08:54;13.215;23.865;20.64;43.4
2015-07-24;09:00;13.13;23.545;20.64;43.88
2015-07-24;09:06;;;20.96;43.4
2015-07-24;09:18;13.215;24.19;20.64;44.03
2015-07-24;09:24;13.39;23.545;20.64;44.51
2015-07-24;09:30;13.39;23.865;20.96;43.56
2015-07-24;09:36;13.825;23.385;20.64;44.82
2015-07-24;09:42;14.17;24.03;20.64;45.61
2015-07-24;10:00;14.43;23.385;20.32;46.08
2015-07-24;10:06;14.515;23.54;20.32;46.24
2015-07-24;10:12;14.515;23.22;20.32;46.24
2015-07-24;10:18;14.515;23.22;20.0;46.24
2015-07-24;10:24;14.775;23.38;20.32;46.56
2015-07-24;10:36;14.775;23.22;;
2015-07-24;10:42;15.035;23.22;20.0;47.03
2015-07-24;10:48;15.21;23.22;20.0;47.19
2015-07-24;10:54;15.125;23.22;20.0;47.5
2015-07-24;11:00;15.555;23.22;20.0;47.5
2015-07-24;11:06;15.125;23.545;20.32;47.03
2015-07-24;11:12;57.09;23.87;20.0;47.66
2015-07-24;11:18;15.82;23.22;20.0;48.29
2015-07-24;11:24;15.905;23.38;20.0;48.61
2015-07-24;11:30;15.905;23.545;20.0;48.61
2015-07-24;11:36;-25.8;23.22;19.67;48.76
2015-07-24;11:42;15.82;23.545;20.0;48.76
2015-07-24;11:48;15.645;23.865;20.0;48.61
2015-07-24;11:54;15.73;23.545;19.67;48.92
2015-07-24;12:00;15.905;23.545;20.0;49.39
2015-07-24;12:06;16.165;23.545;;
2015-07-24;12:18;;;20.0;49.08
2015-07-24;12:24;16.165;23.705;19.67;49.71
2015-07-24;12:30;16.165;23.545;19.67;49.55
2015-07-24;12:36;16.425;23.705;20.0;49.55
2015-07-24;12:42;16.34;24.03;19.67;49.55
2015-07-24;12:48;16.51;23.865;19.67;49.71
2015-07-24;12:54;16.51;24.03;20.0;49.87
2015-07-24;13:00;16.6;23.865;20.0;49.87
2015-07-24;13:06;16.34;24.19;20.0;50.02
2015-07-24;13:12;16.425;25.155;19.67;50.34
2015-07-24;13:18;16.51;23.865;20.0;50.18
2015-07-24;13:24;16.6;23.865;;
2015-07-24;13:30;16.6;23.865;20.0;50.18
2015-07-24;13:36;16.25;25.8;19.67;50.18
2015-07-24;13:42;16.6;24.03;19.67;50.34
2015-07-24;13:48;16.425;23.865;20.0;50.18
2015-07-24;13:54;16.77;23.865;19.67;50.02
2015-07-24;14:00;16.6;23.865;20.0;50.5
2015-07-24;14:06;16.685;24.03;19.67;50.81
2015-07-24;14:12;16.86;23.865;20.0;50.18
2015-07-24;14:18;59.34;24.19;19.67;50.81
2015-07-24;14:30;16.86;23.865;19.67;51.29
2015-07-24;14:36;16.86;23.705;19.67;50.97
2015-07-24;14:48;-25.8;23.54;;
2015-07-24;14:54;16.77;23.865;19.67;51.44
2015-07-24;15:00;16.86;23.865;19.35;51.76
2015-07-24;15:06;17.12;24.19;19.67;51.29
2015-07-24;15:12;17.12;23.865;19.67;51.6
2015-07-24;15:18;17.205;23.865;19.67;51.6
2015-07-24;15:24;17.29;24.03;19.67;51.6
2015-07-24;15:30;17.12;24.03;19.67;51.76
2015-07-24;15:36;17.12;24.03;19.35;51.76
2015-07-24;15:42;17.29;23.865;19.35;51.92
2015-07-24;15:48;17.465;23.865;19.67;51.92
2015-07-24;15:54;17.465;24.03;19.67;51.76
2015-07-24;16:00;17.55;24.025;19.35;51.92
2015-07-24;16:06;17.38;24.025;19.35;51.76
2015-07-24;16:12;17.55;24.03;19.35;51.44
2015-07-24;16:18;17.64;25.48;19.67;52.39
2015-07-24;16:24;17.465;24.19;19.35;51.92
2015-07-24;16:30;17.465;24.19;19.35;52.07
2015-07-24;16:36;17.55;24.025;19.35;52.39
2015-07-24;16:48;17.64;24.025;19.03;52.86
2015-07-24;16:54;17.55;23.865;19.03;52.55
2015-07-24;17:00;17.725;23.865;19.03;52.71
2015-07-24;17:06;17.725;23.865;18.7;52.71
2015-07-24;17:12;17.64;23.865;19.03;52.71
2015-07-24;17:18;17.81;23.865;19.03;52.86
2015-07-24;17:24;17.725;23.865;19.03;52.39
2015-07-24;17:30;17.725;23.865;19.03;53.02
2015-07-24;17:36;60.9;24.19;18.7;52.86
2015-07-24;18:36;-25.8;23.87;19.03;52.07
2015-07-24;18:42;17.205;23.545;18.7;52.07
2015-07-24;18:48;17.29;23.545;19.03;51.76
2015-07-24;18:54;17.205;23.545;18.7;51.76
2015-07-24;19:00;17.205;23.385;19.03;51.92
2015-07-24;19:06;17.29;23.385;19.03;51.13
2015-07-24;19:12;17.29;23.705;19.03;51.92
2015-07-24;19:18;17.205;23.385;19.03;51.29
2015-07-24;19:24;17.205;23.22;19.03;51.44
2015-07-24;19:36;-25.8;23.54;19.03;51.29
2015-07-24;19:42;17.03;23.06;19.03;51.29
2015-07-24;19:48;16.86;23.06;19.03;51.13
2015-07-24;19:54;17.03;23.06;19.35;50.97
2015-07-24;20:06;16.86;23.06;19.03;50.97
2015-07-24;20:12;16.77;22.895;19.03;50.5
2015-07-24;20:18;59.17;23.22;19.03;50.5
2015-07-24;20:24;16.6;22.735;19.03;50.34
2015-07-24;20:30;16.425;22.735;19.35;49.55
2015-07-24;20:36;16.25;22.735;19.35;49.87
2015-07-24;20:42;16.34;22.735;;
2015-07-24;20:48;-25.8;22.25;19.03;50.02
2015-07-24;21:00;16.08;23.38;19.35;48.76
2015-07-24;21:06;15.82;23.22;19.35;49.08
2015-07-24;21:12;15.555;25.155;19.35;48.61
2015-07-24;21:18;15.645;23.22;19.67;48.61
2015-07-24;21:24;15.385;23.54;19.67;48.92
2015-07-24;21:30;15.385;23.06;19.35;48.29
2015-07-24;21:36;15.385;23.38;19.67;48.76
2015-07-24;21:42;15.21;23.38;19.67;47.66
2015-07-24;21:48;15.125;23.38;19.67;48.61
2015-07-24;21:54;15.125;23.06;19.67;47.34
2015-07-24;22:00;15.21;23.865;19.67;48.61
2015-07-24;22:06;15.21;23.06;19.67;47.82
2015-07-24;22:12;14.95;23.38;19.67;48.29
2015-07-24;22:18;15.035;23.06;19.67;47.5
2015-07-24;22:24;14.865;23.22;19.67;48.13
2015-07-24;22:48;54.66;23.54;;
2015-07-24;22:54;14.515;23.22;20.0;46.71
2015-07-24;23:00;14.605;23.38;20.0;47.19
2015-07-24;23:06;14.43;23.06;20.0;46.56
2015-07-24;23:12;14.345;23.385;20.0;47.03
2015-07-24;23:18;14.345;23.22;20.0;46.08
2015-07-24;23:24;14.17;23.385;20.0;47.03
2015-07-24;23:30;14.085;23.22;20.0;45.77
2015-07-24;23:36;-25.8;22.58;20.0;47.03
2015-07-24;23:48;-25.8;23.54;20.0;46.08
2015-07-24;23:54;14.17;23.22;20.0;47.03
2015-07-25;00:00;13.995;23.545;20.32;46.71
2015-07-25;00:06;13.91;23.385;20.32;46.71
2015-07-25;00:12;13.91;23.545;20.0;47.5
2015-07-25;00:18;13.825;23.385;20.0;45.14
2015-07-25;00:24;13.995;23.705;20.0;46.87
2015-07-25;00:30;13.995;23.225;20.32;45.45
2015-07-25;00:36;13.91;23.545;20.32;46.56
2015-07-25;00:42;13.825;23.705;20.32;46.71
2015-07-25;00:48;13.825;23.545;20.32;46.08
2015-07-25;00:54;13.735;23.545;20.0;46.87
2015-07-25;01:00;13.91;23.865;20.0;45.77
2015-07-25;01:06;13.735;23.385;20.0;46.4
2015-07-25;01:12;13.825;23.705;20.32;47.03
2015-07-25;01:18;13.65;23.545;20.32;45.14
2015-07-25;01:24;13.735;23.705;20.0;46.24
2015-07-25;01:30;13.91;23.865;20.0;46.71
2015-07-25;01:36;13.735;23.87;20.0;45.45
2015-07-25;01:42;13.735;23.545;20.32;45.93
2015-07-25;01:48;13.735;24.03;20.32;45.77
2015-07-25;01:54;13.65;23.545;20.32;46.4
2015-07-25;02:00;13.65;23.705;20.32;45.93
2015-07-25;02:06;13.305;23.545;20.32;45.93
2015-07-25;02:12;13.65;23.865;20.32;46.08
2015-07-25;02:18;13.39;23.545;20.32;44.66
2015-07-25;02:24;13.475;23.545;20.32;46.24
2015-07-25;02:30;13.565;23.865;20.32;45.61
2015-07-25;02:36;13.39;23.545;20.32;45.45
2015-07-25;02:42;13.475;23.545;20.32;46.56
2015-07-25;02:48;52.93;24.19;;
2015-07-25;03:06;-25.8;23.54;20.0;47.19
2015-07-25;03:12;14.085;23.865;19.67;47.66
2015-07-25;03:18;13.995;23.865;19.67;47.82
2015-07-25;03:24;14.69;23.865;19.67;48.76
2015-07-25;03:30;14.515;23.865;19.67;48.45
2015-07-25;03:36;14.95;24.03;19.67;49.24
2015-07-25;03:42;14.865;24.03;19.67;49.24
2015-07-25;03:48;14.95;24.03;19.67;49.39
2015-07-25;03:54;15.295;24.03;19.67;49.71
2015-07-25;04:00;15.47;23.865;;
2015-07-25;04:06;15.295;24.03;19.67;49.71
2015-07-25;04:12;15.645;24.19;19.67;49.71
2015-07-25;04:18;15.73;24.19;19.35;50.18
2015-07-25;04:24;15.555;24.19;19.35;50.18
2015-07-25;04:30;15.82;24.35;19.35;50.34
2015-07-25;04:36;15.82;24.19;19.35;50.02
2015-07-25;04:42;15.905;23.865;19.03;50.81
2015-07-25;04:48;15.295;23.545;19.35;49.08
2015-07-25;04:54;15.555;24.03;19.67;49.24
2015-07-25;05:00;15.555;23.865;19.35;50.02
2015-07-25;05:06;15.555;24.03;19.35;50.66
2015-07-25;05:12;15.645;24.03;19.03;51.44
2015-07-25;05:18;;;19.35;50.5
2015-07-25;06:12;16.165;24.19;19.35;50.18
2015-07-25;06:18;15.99;24.19;19.35;50.66
2015-07-25;06:24;16.165;24.67;19.03;50.97
2015-07-25;06:42;15.555;23.865;19.35;49.08
2015-07-25;06:48;15.645;24.03;19.35;50.5
2015-07-25;06:54;15.555;24.03;19.35;50.66
2015-07-25;07:00;15.21;24.35;19.35;49.24
2015-07-25;07:06;15.555;23.865;19.35;49.39
2015-07-25;07:12;15.385;24.19;19.35;50.81
2015-07-25;07:18;15.645;24.19;19.35;50.02
2015-07-25;07:24;15.47;24.19;19.03;50.34
2015-07-25;07:42;15.385;23.865;19.35;50.34
2015-07-25;07:48;15.21;24.03;19.03;50.5
2015-07-25;07:54;15.47;24.19;19.67;50.34
2015-07-25;08:00;15.21;23.705;19.35;48.61
2015-07-25;08:06;-25.8;23.54;19.35;49.24
2015-07-25;08:18;56.22;24.19;19.35;50.5
2015-07-25;08:24;15.125;23.705;19.67;49.08
2015-07-25;08:30;15.035;24.03;19.35;49.39
2015-07-25;08:36;-25.8;23.54;19.67;48.61
2015-07-25;08:48;15.125;24.03;19.35;50.02
2015-07-25;08:54;14.95;24.03;19.67;48.29
2015-07-25;09:00;14.775;24.03;19.67;49.39
2015-07-25;09:06;-25.8;23.54;;
2015-07-25;09:18;14.43;23.865;19.67;46.71
2015-07-25;09:24;14.17;24.03;19.67;46.87
2015-07-25;09:30;14.085;24.35;19.67;48.13
2015-07-25;09:36;13.91;23.705;19.67;45.93
2015-07-25;09:42;14.085;24.03;19.67;47.66
2015-07-25;10:00;13.91;23.865;20.0;45.3
2015-07-25;10:06;13.825;24.19;20.0;45.93
2015-07-25;10:12;13.65;23.865;20.0;45.77
2015-07-25;10:18;13.65;23.865;20.0;45.45
2015-07-25;10:24;13.65;25.965;20.0;46.4
2015-07-25;10:30;13.65;23.705;20.0;45.3
2015-07-25;10:36;-25.8;24.19;;
2015-07-25;11:00;13.305;23.865;20.0;44.19
2015-07-25;11:06;-25.8;23.22;;
2015-07-25;11:18;13.305;23.705;;
2015-07-25;11:24;13.13;23.705;20.32;44.98
2015-07-25;11:30;13.045;23.865;20.32;44.66
2015-07-25;11:36;12.955;23.705;20.32;44.03
2015-07-25;11:42;12.785;23.87;20.32;44.03
2015-07-25;11:48;-25.8;23.22;20.32;44.03
2015-07-25;11:54;13.045;23.705;20.32;43.09
2015-07-25;12:00;12.695;23.705;20.32;43.72
2015-07-25;12:06;12.695;23.705;20.32;44.03
2015-07-25;12:12;12.61;23.545;20.32;43.25
2015-07-25;12:18;12.695;23.545;20.32;43.56
2015-07-25;12:24;12.695;23.87;20.0;43.56
2015-07-25;12:30;12.785;23.705;20.32;44.35
2015-07-25;12:36;12.695;23.705;20.32;43.4
2015-07-25;12:42;12.695;23.545;20.64;43.25
2015-07-25;12:48;12.695;23.705;20.32;43.56
2015-07-25;12:54;12.695;24.03;20.32;44.35
2015-07-25;13:00;12.61;23.865;20.64;43.72
2015-07-25;13:06;51.02;24.19;20.64;43.56
2015-07-25;13:36;-25.8;23.87;;
2015-07-25;13:42;12.26;23.705;20.32;43.4
2015-07-25;13:48;12.52;23.545;20.32;42.77
2015-07-25;13:54;12.61;23.705;20.32;43.09
2015-07-25;14:00;12.61;23.705;20.32;43.88
2015-07-25;14:06;12.695;23.705;20.64;42.93
2015-07-25;14:12;12.61;24.03;20.32;42.77
2015-07-25;14:18;12.435;23.705;20.32;43.09
2015-07-25;14:24;12.61;23.705;20.32;42.46
2015-07-25;14:30;50.67;24.19;20.32;42.14
2015-07-25;14:36;12.35;23.705;20.64;42.46
2015-07-25;14:42;12.175;23.705;20.32;43.09
2015-07-25;14:48;12.35;23.865;20.64;43.4
2015-07-25;14:54;12.35;23.545;20.64;42.3
2015-07-25;15:18;;;20.64;43.4
2015-07-25;15:24;12.26;23.545;20.64;41.83
2015-07-25;15:30;12.175;23.545;20.64;42.46
2015-07-25;15:36;12.175;23.865;20.32;44.03
2015-07-25;15:42;12.26;23.705;20.64;43.09
2015-07-25;15:48;12.09;23.545;;
2015-07-25;16:00;12.26;23.545;20.32;42.61
2015-07-25;16:06;12.26;24.03;20.64;44.03
2015-07-25;16:18;50.15;23.87;20.32;43.09
2015-07-25;16:24;12.26;23.545;20.64;43.56
2015-07-25;16:30;12.175;23.705;20.32;44.98
2015-07-25;16:36;12.435;23.385;20.64;42.3
2015-07-25;16:42;12.35;23.545;20.64;42.93
2015-07-25;16:48;12.52;23.705;20.32;43.72
2015-07-25;16:54;12.435;23.545;20.32;43.88
2015-07-25;17:00;12.35;23.545;20.32;43.88
2015-07-25;17:06;12.435;23.225;20.32;44.19
2015-07-25;17:12;12.695;23.705;20.32;44.66
2015-07-25;17:18;12.35;23.545;20.32;43.09
2015-07-25;17:24;12.52;23.385;20.32;43.4
2015-07-25;17:30;12.52;23.545;20.32;43.88
2015-07-25;17:36;12.525;23.705;20.32;44.98
2015-07-25;17:42;12.35;23.705;20.64;45.14
2015-07-25;17:48;12.435;23.385;20.32;44.35
2015-07-25;17:54;12.35;23.385;20.32;43.88
2015-07-25;18:00;12.52;23.865;20.32;44.35
2015-07-25;18:06;12.35;23.705;20.32;44.82
2015-07-25;18:12;12.35;23.385;20.32;44.35
2015-07-25;18:18;12.435;23.865;20.32;44.35
2015-07-25;18:24;12.35;23.545;20.64;43.88
2015-07-25;18:30;12.435;23.385;20.32;44.19
2015-07-25;18:36;12.695;23.865;;
2015-07-25;18:42;12.61;23.545;20.64;44.51
2015-07-25;18:48;12.695;23.705;20.32;46.08
2015-07-25;18:54;12.785;23.545;20.32;45.3
2015-07-25;19:00;12.785;23.87;20.0;44.66
2015-07-25;19:06;12.785;23.385;20.32;46.56
2015-07-25;19:12;12.695;23.705;20.0;47.03
2015-07-25;19:18;12.785;23.545;20.32;44.98
2015-07-25;19:24;12.785;23.385;20.32;45.93
2015-07-25;19:30;12.61;23.545;20.32;46.56
2015-07-25;19:36;12.695;23.545;20.32;44.51
2015-07-25;19:42;12.87;23.705;20.32;45.77
2015-07-25;19:48;12.695;23.545;20.0;46.4
2015-07-25;19:54;12.61;23.865;20.0;45.93
2015-07-25;20:00;12.695;23.545;20.0;45.14
2015-07-25;20:06;12.955;23.385;20.32;46.87
2015-07-25;20:12;12.695;25.32;20.0;45.3
2015-07-25;20:18;;;20.32;45.77
2015-07-25;20:30;12.785;23.385;20.0;44.82
2015-07-25;20:36;;;20.0;47.03
2015-07-25;20:48;12.955;23.385;;
2015-07-25;20:54;13.045;23.545;20.32;46.08
2015-07-25;21:00;12.87;23.385;20.0;47.03
2015-07-25;21:06;;;20.0;45.61
2015-07-25;21:18;12.955;24.03;20.0;45.45
2015-07-25;21:24;12.87;23.545;20.0;47.34
2015-07-25;21:30;13.045;23.865;20.32;45.77
2015-07-25;21:36;13.045;23.385;20.32;46.71
2015-07-25;21:42;12.955;23.865;20.0;45.77
2015-07-25;22:06;12.955;23.865;;
2015-07-25;22:12;12.785;23.385;20.32;45.93
2015-07-25;22:18;12.955;23.545;20.32;44.98
2015-07-25;22:24;12.785;23.705;20.32;46.08
2015-07-25;22:30;12.695;24.19;20.32;45.14
2015-07-25;22:36;12.695;23.545;20.32;46.08
2015-07-25;22:42;12.785;23.705;20.0;44.66
2015-07-25;22:48;12.785;23.705;20.0;45.3
2015-07-25;22:54;12.61;23.545;20.0;44.03
2015-07-25;23:00;12.61;24.03;20.0;45.45
2015-07-25;23:06;12.785;23.545;20.0;44.82
2015-07-25;23:12;12.695;23.865;20.32;45.14
2015-07-25;23:18;12.435;23.385;20.32;45.14
2015-07-25;23:24;12.695;23.865;20.0;45.45
2015-07-25;23:30;12.61;23.385;20.32;45.93
2015-07-25;23:36;51.19;23.87;20.32;45.3
2015-07-25;23:42;12.695;23.545;20.32;45.45
2015-07-25;23:48;12.61;23.705;20.0;44.51
2015-07-25;23:54;-25.8;23.54;20.32;43.72
2015-07-26;00:06;;;20.32;44.35
2015-07-26;00:12;12.61;23.545;20.0;44.35
2015-07-26;00:18;12.52;23.545;20.32;46.24
2015-07-26;00:24;12.61;23.545;20.0;44.82
2015-07-26;00:30;12.52;23.545;20.0;44.98
2015-07-26;00:36;12.35;23.705;20.32;43.88
2015-07-26;00:42;12.26;23.545;20.0;43.25
2015-07-26;00:48;12.35;25.805;20.0;43.25
2015-07-26;00:54;12.175;23.865;20.32;42.46
2015-07-26;01:18;;;20.32;41.51
2015-07-26;01:24;11.83;23.705;20.32;41.35
2015-07-26;01:30;11.74;23.865;20.32;40.57
2015-07-26;01:36;11.83;23.865;20.32;40.88
2015-07-26;01:42;11.74;23.865;20.32;40.88
2015-07-26;01:48;11.48;23.545;;
2015-07-26;02:00;11.655;24.35;20.32;40.72
2015-07-26;02:06;11.655;23.545;20.32;41.04
2015-07-26;02:12;11.655;23.865;20.32;40.88
2015-07-26;02:18;11.48;24.03;20.32;41.2
2015-07-26;02:24;11.48;24.03;20.32;40.88
2015-07-26;02:30;11.655;23.545;20.32;40.41
2015-07-26;02:36;11.48;23.865;20.32;40.72
2015-07-26;03:12;11.395;24.03;20.64;40.41
2015-07-26;03:18;11.31;23.865;20.64;40.09
2015-07-26;03:24;11.31;24.03;20.64;40.09
2015-07-26;03:30;11.22;24.35;20.64;40.09
2015-07-26;03:36;11.31;23.865;20.64;40.57
2015-07-26;03:48;-25.8;24.19;;
2015-07-26;03:54;11.31;24.03;20.32;40.09
2015-07-26;04:00;11.57;24.35;20.64;40.25
2015-07-26;04:06;11.22;24.03;20.64;40.09
2015-07-26;04:12;11.48;24.19;20.32;40.41
2015-07-26;04:18;11.395;24.03;20.64;39.93
2015-07-26;04:24;11.31;24.03;20.64;40.09
2015-07-26;04:30;11.31;24.03;20.64;40.41
2015-07-26;04:36;11.395;24.03;20.64;40.25
2015-07-26;04:42;11.31;24.03;20.96;39.78
2015-07-26;04:48;11.22;24.03;20.64;39.62
2015-07-26;04:54;11.22;24.03;20.64;39.62
2015-07-26;05:00;11.395;24.03;20.64;39.62
2015-07-26;05:06;11.395;24.03;20.96;39.78
2015-07-26;05:42;11.135;26.125;20.32;39.3
2015-07-26;05:48;11.135;23.705;20.32;39.46
2015-07-26;05:54;11.22;23.865;20.64;39.46
2015-07-26;06:00;11.22;23.865;20.64;38.67
2015-07-26;06:06;11.05;23.865;20.64;38.83
2015-07-26;06:12;10.875;24.03;20.64;38.83
2015-07-26;06:48;10.96;24.35;20.64;38.67
2015-07-26;06:54;10.79;24.19;20.64;38.99
2015-07-26;07:00;10.96;24.19;20.64;39.15
2015-07-26;07:06;11.05;24.35;20.64;39.62
2015-07-26;07:12;10.96;24.35;20.64;39.78
2015-07-26;07:18;11.135;24.35;20.64;40.25
2015-07-26;07:24;11.31;24.03;20.64;40.72
2015-07-26;07:30;11.31;24.03;20.96;40.57
2015-07-26;07:36;11.22;24.03;20.64;40.88
2015-07-26;07:42;11.31;23.865;20.64;40.72
2015-07-26;07:48;11.395;23.865;20.64;40.09
2015-07-26;07:54;11.57;23.545;20.32;41.04
2015-07-26;08:00;11.48;24.03;20.64;40.25
2015-07-26;08:06;11.655;23.865;20.64;40.88
2015-07-26;08:12;11.31;24.03;20.96;40.41
2015-07-26;08:18;11.57;23.865;20.64;40.41
2015-07-26;08:24;11.57;23.545;20.32;40.72
2015-07-26;08:30;11.74;23.705;20.64;41.35
2015-07-26;08:48;48.76;24.19;20.64;40.88
2015-07-26;08:54;11.57;23.865;20.64;41.35
2015-07-26;09:00;11.48;24.03;20.64;41.51
2015-07-26;09:06;11.915;23.705;20.64;41.04
2015-07-26;09:12;11.915;23.87;;
2015-07-26;09:18;11.57;24.19;20.64;41.04
2015-07-26;09:24;11.48;23.705;20.64;41.51
2015-07-26;09:30;11.74;23.87;20.96;41.04
2015-07-26;09:36;11.57;23.705;20.32;40.72
2015-07-26;09:42;11.915;23.705;20.64;41.35
2015-07-26;09:48;-25.8;22.9;20.32;42.46
2015-07-26;10:06;49.11;23.87;;
2015-07-26;10:12;11.48;23.705;20.64;41.35
2015-07-26;10:18;11.83;23.705;20.64;40.88
2015-07-26;10:24;11.915;23.545;20.64;41.2
2015-07-26;10:30;11.57;23.705;20.96;41.67
2015-07-26;10:36;11.57;23.705;20.96;41.67
2015-07-26;10:42;11.74;23.705;20.64;41.04
2015-07-26;10:48;11.48;23.705;20.64;40.72
2015-07-26;10:54;49.11;24.19;20.64;42.14
2015-07-26;11:00;11.83;23.545;20.96;41.51
2015-07-26;11:06;11.57;23.705;20.96;40.72
2015-07-26;11:12;11.83;23.705;20.64;40.88
2015-07-26;11:18;-25.8;23.54;20.64;41.51
2015-07-26;11:48;11.31;23.865;20.64;40.88
2015-07-26;11:54;11.395;24.03;20.96;40.72
2015-07-26;12:00;-25.8;23.22;20.96;41.04
2015-07-26;12:06;11.48;23.705;20.64;41.04
2015-07-26;12:18;-25.8;23.54;20.96;40.41
2015-07-26;12:24;11.48;23.705;20.96;40.57
2015-07-26;12:30;11.395;23.705;20.64;39.93
2015-07-26;12:36;11.22;23.705;20.96;40.09
2015-07-26;12:42;11.135;24.03;20.64;39.62
2015-07-26;12:48;47.9;23.87;;
2015-07-26;13:00;10.96;23.545;20.96;39.93
2015-07-26;13:06;10.96;23.705;20.64;39.93
2015-07-26;13:12;11.31;23.865;20.96;39.46
2015-07-26;13:18;11.05;23.545;20.64;39.3
2015-07-26;13:24;11.135;24.03;20.64;39.78
2015-07-26;13:30;10.96;24.03;20.96;39.46
2015-07-26;13:36;11.05;23.865;20.96;38.83
2015-07-26;13:42;10.875;23.545;20.64;38.83
2015-07-26;13:48;10.79;23.545;20.64;39.78
2015-07-26;13:54;10.96;23.705;20.64;38.99
2015-07-26;14:00;10.96;24.03;20.96;38.99
2015-07-26;14:06;10.875;23.545;;
2015-07-26;14:18;-25.8;23.22;20.96;39.15
2015-07-26;14:24;10.96;23.705;20.96;39.15
2015-07-26;15:06;-25.8;23.22;20.64;38.83
2015-07-26;15:12;10.53;23.705;20.96;38.36
2015-07-26;15:18;10.79;23.705;20.64;38.99
2015-07-26;15:24;10.53;23.865;20.96;38.2
2015-07-26;15:30;10.44;23.545;20.32;38.52
2015-07-26;15:36;10.53;23.705;20.96;38.04
2015-07-26;15:42;10.53;23.545;20.64;38.2
2015-07-26;15:48;10.615;23.705;20.96;38.52
2015-07-26;15:54;10.53;23.38;20.96;38.83
2015-07-26;16:00;10.53;23.545;20.96;38.52
2015-07-26;16:06;10.615;23.865;20.64;38.67
2015-07-26;16:12;10.355;23.705;20.96;38.36
2015-07-26;16:18;10.355;23.705;20.64;38.2
2015-07-26;16:24;10.355;23.705;20.96;38.52
2015-07-26;16:30;10.53;23.705;;
2015-07-26;16:36;46.34;23.87;20.96;38.2
2015-07-26;16:48;10.7;23.705;;
2015-07-26;16:54;10.27;23.545;20.96;38.36
2015-07-26;17:00;10.53;23.545;20.96;38.52
2015-07-26;17:06;10.615;23.705;20.64;38.2
2015-07-26;17:12;10.27;23.705;20.96;38.04
2015-07-26;17:18;10.53;23.545;20.96;38.04
2015-07-26;17:24;10.44;23.705;20.64;38.36
2015-07-26;17:30;10.44;23.545;20.96;38.36
2015-07-26;17:36;10.615;23.705;20.96;38.04
2015-07-26;17:42;10.7;23.705;20.64;38.83
2015-07-26;17:48;47.03;23.87;20.96;38.67
2015-07-26;17:54;10.615;23.865;20.96;38.52
2015-07-26;18:00;10.44;23.545;20.96;38.52
2015-07-26;18:06;10.44;23.865;20.96;38.36
2015-07-26;18:12;10.355;23.385;20.96;38.36
2015-07-26;18:18;10.53;23.705;20.96;38.36
2015-07-26;18:24;10.53;23.545;20.64;38.67
2015-07-26;18:30;10.615;23.54;20.64;38.52
2015-07-26;18:36;10.7;24.03;20.96;38.67
2015-07-26;18:42;10.79;23.385;20.64;38.36
2015-07-26;18:48;10.53;23.705;20.96;38.52
2015-07-26;18:54;10.615;23.705;20.64;38.67
2015-07-26;19:00;10.7;23.385;20.96;38.83
2015-07-26;19:06;10.44;23.705;20.96;38.36
2015-07-26;19:12;10.53;23.705;20.64;38.52
2015-07-26;19:18;-25.8;23.22;;
2015-07-26;19:42;10.7;23.87;20.64;39.62
2015-07-26;19:48;-25.8;23.54;;
2015-07-26;20:00;10.53;23.385;20.64;39.3
2015-07-26;20:06;10.44;23.865;20.96;39.62
2015-07-26;20:12;11.05;23.545;20.64;39.62
2015-07-26;20:18;10.79;23.705;20.64;40.41
2015-07-26;20:24;10.96;23.545;20.96;40.25
2015-07-26;20:30;10.875;24.19;20.96;39.93
2015-07-26;20:36;-25.8;23.22;20.96;40.72
2015-07-26;20:48;47.9;23.87;20.64;39.78
2015-07-26;20:54;11.05;23.705;20.96;40.88
2015-07-26;21:06;47.55;23.87;;
2015-07-26;21:12;10.79;24.03;20.64;40.57
2015-07-26;21:18;10.79;23.705;20.64;40.41
2015-07-26;21:24;11.135;24.19;20.64;40.88
2015-07-26;21:30;11.05;24.03;20.96;40.41
2015-07-26;21:36;10.875;23.545;20.64;40.41
2015-07-26;21:42;11.05;23.865;20.96;41.04
2015-07-26;22:00;11.135;23.865;20.96;40.72
2015-07-26;22:06;-25.8;23.22;;
2015-07-26;22:18;11.135;23.705;20.96;40.88
2015-07-26;22:24;10.96;23.385;20.96;41.04
2015-07-26;22:30;10.96;23.545;20.96;41.67
2015-07-26;22:36;11.22;23.705;20.64;40.72
2015-07-26;22:42;11.22;23.545;20.96;40.72
2015-07-26;22:48;11.05;23.705;20.64;41.51
2015-07-26;22:54;11.05;23.545;20.64;40.72
2015-07-26;23:18;11.31;23.545;20.64;41.04
2015-07-26;23:24;11.22;24.03;20.96;41.67
2015-07-26;23:30;11.31;23.385;20.32;41.04
2015-07-26;23:36;11.395;23.865;20.96;41.98
2015-07-26;23:42;11.135;24.03;20.64;41.51
2015-07-26;23:48;11.31;23.385;;
2015-07-26;23:54;11.135;23.545;20.64;41.04
2015-07-27;00:00;11.22;23.865;20.64;41.35
2015-07-27;00:06;-25.8;23.22;20.64;42.77
2015-07-27;00:12;11.31;23.545;20.64;41.51
2015-07-27;00:18;11.22;23.705;20.64;41.98
2015-07-27;00:24;11.48;23.705;20.64;42.77
2015-07-27;00:30;11.22;23.545;20.64;41.04
2015-07-27;00:36;11.31;23.705;20.64;42.3
2015-07-27;00:42;11.31;23.705;20.64;42.77
2015-07-27;00:48;11.48;23.545;20.64;41.98
2015-07-27;00:54;11.57;23.705;20.64;42.14
2015-07-27;01:00;11.57;23.705;20.64;43.09
2015-07-27;01:06;11.395;23.705;20.64;41.83
2015-07-27;01:12;11.57;23.865;20.64;43.56
2015-07-27;01:18;11.655;23.865;20.64;42.77
2015-07-27;01:24;12.0;23.705;20.64;42.3
2015-07-27;01:30;11.74;23.705;20.64;43.09
2015-07-27;01:36;11.74;23.705;20.64;44.19
2015-07-27;01:42;11.74;23.705;20.96;42.46
2015-07-27;01:48;12.0;23.705;20.32;43.25
2015-07-27;01:54;11.915;24.03;20.96;43.72
2015-07-27;02:00;11.655;23.545;20.64;42.46
2015-07-27;02:06;12.0;23.705;20.64;43.25
2015-07-27;02:12;11.83;23.705;20.64;43.88
2015-07-27;02:18;11.655;23.87;20.64;42.77
2015-07-27;02:24;11.915;24.03;20.64;43.56
2015-07-27;02:30;12.0;23.865;20.64;44.19
2015-07-27;02:36;12.09;23.705;20.64;43.56
2015-07-27;02:42;11.83;23.87;20.64;43.72
2015-07-27;02:48;12.175;23.705;20.32;44.19
2015-07-27;02:54;49.63;23.87;20.64;43.09
2015-07-27;03:00;12.09;23.545;20.32;43.88
2015-07-27;03:06;12.0;23.865;20.32;44.19
2015-07-27;03:12;12.0;23.705;20.64;42.46
2015-07-27;03:18;11.915;23.545;20.32;43.88
2015-07-27;03:24;12.09;24.19;20.64;43.56
2015-07-27;03:30;11.83;23.705;20.32;42.3
2015-07-27;03:36;11.915;23.545;20.32;43.4
2015-07-27;03:42;12.09;24.03;20.64;43.72
2015-07-27;03:48;12.09;24.03;;
2015-07-27;04:00;11.83;23.865;20.64;43.56
2015-07-27;04:06;12.0;23.705;20.64;43.09
2015-07-27;04:12;12.0;23.545;20.32;42.46
2015-07-27;04:18;12.175;23.705;20.32;43.88
2015-07-27;04:24;12.175;23.705;20.32;43.72
2015-07-27;04:30;12.175;23.865;20.64;42.61
2015-07-27;04:36;12.0;23.385;20.64;42.77
2015-07-27;04:48;49.63;24.19;20.0;43.88
2015-07-27;04:54;11.915;23.865;20.32;43.56
2015-07-27;05:00;12.0;23.545;20.64;41.83
2015-07-27;05:06;12.09;23.545;20.64;44.19
2015-07-27;05:12;12.0;23.865;20.96;44.19
2015-07-27;05:18;12.0;23.865;20.64;43.88
2015-07-27;05:24;12.175;24.19;20.32;44.03
2015-07-27;05:30;12.09;24.03;20.64;44.51
2015-07-27;05:36;12.0;24.03;;
2015-07-27;05:48;49.8;23.87;20.0;43.72
2015-07-27;05:54;11.915;23.865;20.64;44.35
2015-07-27;06:00;12.0;24.35;20.64;44.19
2015-07-27;06:06;12.175;26.125;20.64;44.51
2015-07-27;06:12;12.0;24.03;20.64;44.19
2015-07-27;06:30;12.35;24.19;20.32;43.72
2015-07-27;06:36;12.35;23.865;20.64;44.82
2015-07-27;06:42;12.435;24.03;20.64;45.14
2015-07-27;06:48;12.26;23.545;20.32;44.19
2015-07-27;06:54;12.35;24.19;20.64;44.98
2015-07-27;07:12;12.52;23.545;20.64;45.3
2015-07-27;07:18;;;20.64;45.45
2015-07-27;07:30;12.87;23.545;20.32;44.35
2015-07-27;07:36;12.87;23.865;20.64;45.45
2015-07-27;07:48;12.955;26.125;;
2015-07-27;07:54;12.955;23.705;20.32;47.19
2015-07-27;08:00;13.045;23.865;20.32;45.45
2015-07-27;08:06;12.87;24.03;20.64;46.4
2015-07-27;08:18;12.955;23.705;;
2015-07-27;08:24;12.695;24.03;20.64;43.72
2015-07-27;08:30;12.785;23.705;20.32;43.4
2015-07-27;08:36;12.695;23.865;20.32;43.56
2015-07-27;08:42;12.695;24.03;20.32;43.25
2015-07-27;08:48;;;20.0;43.09
2015-07-27;09:00;12.35;24.03;20.32;41.98
2015-07-27;09:06;12.35;24.03;20.32;41.83
2015-07-27;09:12;12.35;23.545;20.32;41.83
2015-07-27;09:18;;;20.64;42.3
2015-07-27;09:30;12.0;24.19;20.64;43.4
2015-07-27;09:36;;;20.64;42.93
2015-07-27;10:00;11.915;24.19;20.96;41.51
2015-07-27;10:06;;;20.64;41.51
2015-07-27;10:36;11.48;24.03;;
2015-07-27;10:42;11.48;23.705;21.29;40.25
2015-07-27;10:48;11.57;23.865;20.96;39.78
2015-07-27;10:54;11.48;23.865;20.96;41.04
2015-07-27;11:00;11.31;23.385;20.96;40.09
2015-07-27;11:06;11.57;24.03;20.96;40.41
2015-07-27;11:12;11.48;24.35;21.29;40.09
2015-07-27;11:36;11.655;23.865;;
2015-07-27;11:42;11.57;23.705;20.96;41.35
2015-07-27;11:48;11.915;23.865;20.96;41.04
2015-07-27;11:54;11.74;23.865;20.64;41.67
2015-07-27;12:00;48.42;24.19;20.64;41.04
2015-07-27;12:06;11.395;23.705;20.64;40.57
2015-07-27;12:12;-25.8;23.54;20.64;40.72
2015-07-27;12:18;11.74;23.705;20.64;41.83
2015-07-27;12:24;11.74;23.225;20.64;41.98
2015-07-27;12:30;11.83;23.865;20.64;41.35
2015-07-27;12:36;11.74;23.545;;
2015-07-27;12:48;;;20.64;40.72
2015-07-27;12:54;11.31;23.385;20.64;40.72
2015-07-27;13:00;11.48;23.865;20.64;40.88
2015-07-27;13:06;11.31;23.705;20.64;40.41
2015-07-27;13:12;11.22;23.385;20.96;39.93
2015-07-27;13:18;11.135;23.865;20.64;40.25
2015-07-27;13:24;11.395;24.19;20.96;40.72
2015-07-27;13:30;11.135;23.545;20.64;40.41
2015-07-27;13:36;11.22;23.865;;
2015-07-27;13:48;;;20.96;40.88
2015-07-27;13:54;11.57;23.705;20.64;40.57
2015-07-27;14:18;;;20.96;41.2
2015-07-27;14:24;11.74;23.865;;
2015-07-27;14:30;11.655;23.865;20.64;40.72
2015-07-27;14:36;11.915;23.545;20.96;41.04
2015-07-27;14:42;11.655;23.865;20.96;40.88
2015-07-27;14:48;11.915;23.545;20.64;41.2
2015-07-27;14:54;11.57;23.705;20.96;40.41
2015-07-27;15:00;11.915;23.865;20.64;41.51
2015-07-27;15:06;11.83;23.545;20.64;41.2
2015-07-27;15:12;12.09;23.865;20.96;41.67
2015-07-27;15:18;12.09;24.835;20.64;41.83
2015-07-27;15:24;12.0;24.03;20.96;41.2
2015-07-27;16:12;12.955;23.545;20.64;42.61
2015-07-27;16:18;12.52;23.705;20.96;42.46
2015-07-27;16:24;12.955;23.705;20.96;43.09
2015-07-27;16:30;12.87;23.545;20.96;42.77
2015-07-27;16:36;12.87;23.705;20.96;43.09
2015-07-27;16:42;12.955;23.545;20.96;42.93
2015-07-27;16:48;13.045;23.705;20.96;43.25
2015-07-27;16:54;13.045;23.87;20.64;42.93
2015-07-27;17:00;12.785;23.385;20.96;42.46
2015-07-27;17:06;13.045;23.87;20.64;43.25
2015-07-27;17:18;13.13;23.705;20.96;43.09
2015-07-27;17:24;13.215;23.38;20.96;43.56
2015-07-27;17:42;13.045;23.865;20.96;43.25
2015-07-27;17:48;13.565;23.38;20.96;43.25
2015-07-27;17:54;13.39;23.705;20.64;43.4
2015-07-27;18:00;13.565;23.22;20.64;44.51
2015-07-27;18:06;13.39;24.03;20.96;43.4
2015-07-27;18:12;13.305;23.545;20.64;43.56
2015-07-27;18:18;13.39;23.705;20.96;44.03
2015-07-27;18:24;13.65;23.385;20.64;44.35
2015-07-27;18:30;13.65;23.705;20.64;44.51
2015-07-27;18:36;13.475;23.385;20.64;44.19
2015-07-27;18:42;13.995;23.545;20.32;45.14
2015-07-27;19:18;13.565;23.225;20.64;43.88
2015-07-27;19:24;13.65;23.06;20.64;44.98
2015-07-27;19:30;13.565;23.06;20.32;44.82
2015-07-27;19:36;13.39;23.545;20.64;44.98
2015-07-27;19:42;13.475;23.38;20.96;44.19
2015-07-27;19:48;13.475;23.38;20.64;44.19
2015-07-27;19:54;13.045;23.06;20.64;44.19
2015-07-27;20:00;13.305;23.54;20.32;44.51
2015-07-27;20:06;13.13;23.385;20.64;44.03
2015-07-27;20:12;13.39;23.22;20.64;44.19
2015-07-27;20:18;13.215;23.385;20.32;44.66
2015-07-27;20:24;13.305;23.705;20.32;44.35
2015-07-27;20:30;12.955;24.03;20.64;44.19
2015-07-27;20:36;13.13;23.22;20.32;44.03
2015-07-27;20:42;12.955;23.87;20.64;44.98
2015-07-27;20:48;12.955;23.225;20.32;44.35
2015-07-27;20:54;13.045;23.545;20.64;45.93
2015-07-27;21:00;13.045;23.545;20.32;47.34
2015-07-27;21:36;51.71;23.87;20.64;46.56
2015-07-27;21:42;12.87;23.705;;
2015-07-27;21:48;12.785;23.545;20.64;44.35
2015-07-27;21:54;12.87;23.545;20.64;46.24
2015-07-27;22:00;12.785;23.705;20.64;46.24
2015-07-27;22:06;12.87;23.545;20.64;44.82
2015-07-27;22:12;12.87;23.545;20.32;45.3
2015-07-27;22:18;12.87;23.865;20.32;46.24
2015-07-27;22:24;12.61;23.705;20.32;45.61
2015-07-27;22:30;12.61;23.545;20.64;45.14
2015-07-27;22:36;12.61;23.705;20.32;45.14
2015-07-27;22:42;12.785;23.705;20.64;45.93
2015-07-27;22:48;12.61;23.545;20.64;44.82
2015-07-27;22:54;12.87;23.865;20.64;45.45
2015-07-27;23:06;51.37;23.87;;
2015-07-27;23:12;12.785;23.705;20.32;45.77
2015-07-27;23:18;12.35;23.705;20.32;45.14
2015-07-27;23:24;12.52;23.385;20.64;44.03
2015-07-27;23:30;12.61;23.865;20.32;45.3
2015-07-27;23:36;12.61;23.865;20.64;45.14
2015-07-27;23:42;12.52;23.545;20.64;43.88
2015-07-27;23:48;12.435;23.225;20.64;43.25
2015-07-27;23:54;12.61;23.705;20.32;43.72
2015-07-28;00:00;12.695;23.865;20.32;44.82
2015-07-28;00:06;12.61;23.865;20.64;44.35
2015-07-28;00:12;12.61;23.385;20.32;43.4
2015-07-28;00:18;-25.8;23.22;20.32;44.03
2015-07-28;00:24;12.52;23.87;20.32;44.66
2015-07-28;00:30;12.35;23.865;20.32;44.35
2015-07-28;00:36;12.52;23.865;20.64;44.35
2015-07-28;00:42;12.435;24.19;20.64;44.03
2015-07-28;00:48;50.5;24.19;;
2015-07-28;01:12;12.695;23.865;20.64;44.66
2015-07-28;01:18;51.19;24.19;;
2015-07-28;01:30;12.61;23.865;20.64;44.82
2015-07-28;01:36;12.695;26.125;20.64;44.51
2015-07-28;01:42;12.61;24.03;20.64;44.66
2015-07-28;01:48;12.35;24.19;20.64;44.82
2015-07-28;01:54;12.435;23.865;20.64;44.66
2015-07-28;02:48;-25.8;23.54;20.64;44.03
2015-07-28;02:54;12.175;23.865;20.64;44.35
2015-07-28;03:00;12.35;23.865;20.64;43.56
2015-07-28;03:06;12.35;23.545;20.64;43.88
2015-07-28;03:12;12.26;23.545;20.64;43.56
2015-07-28;03:18;12.435;23.865;20.96;44.03
2015-07-28;03:24;12.175;23.865;20.64;44.82
2015-07-28;03:30;12.26;23.865;20.64;44.66
2015-07-28;03:36;12.52;23.385;20.64;43.56
2015-07-28;03:42;12.52;23.545;20.64;43.72
2015-07-28;03:48;12.35;23.705;20.64;43.56
2015-07-28;03:54;12.35;23.865;20.64;43.72
2015-07-28;04:00;12.435;23.865;20.64;44.66
2015-07-28;04:06;12.435;24.19;20.96;44.03
2015-07-28;04:12;12.435;23.545;20.64;43.88
2015-07-28;04:18;12.35;23.705;20.64;43.72
2015-07-28;04:24;12.35;23.865;20.64;44.19
2015-07-28;04:30;12.35;23.865;20.64;45.3
2015-07-28;04:36;12.52;23.865;20.64;44.98
2015-07-28;04:42;12.52;23.865;20.64;45.61
2015-07-28;04:48;12.695;23.865;20.64;45.3
2015-07-28;04:54;12.61;23.865;20.64;45.61
2015-07-28;05:00;12.695;23.865;;
2015-07-28;05:06;12.695;23.865;20.64;45.14
2015-07-28;05:12;12.785;23.705;20.96;45.61
2015-07-28;05:18;12.695;23.545;20.64;45.14
2015-07-28;05:24;12.785;23.865;20.64;45.45
2015-07-28;05:36;-25.8;23.54;;
2015-07-28;05:42;12.87;23.865;20.64;45.3
2015-07-28;05:48;;;20.64;45.77
2015-07-28;06:06;-25.8;23.54;;
2015-07-28;06:12;52.41;24.19;19.67;45.61
2015-07-28;06:18;13.215;24.03;20.32;46.08
2015-07-28;06:24;13.475;23.865;20.32;45.61
2015-07-28;06:30;13.475;23.865;20.32;45.61
2015-07-28;06:36;13.39;23.865;20.32;46.24
2015-07-28;06:42;13.475;23.865;20.32;45.93
2015-07-28;06:48;13.565;24.03;20.64;46.24
2015-07-28;06:54;13.305;23.705;20.32;45.45
2015-07-28;07:18;52.58;24.19;;
2015-07-28;07:24;13.39;23.705;20.32;45.93
2015-07-28;07:30;13.735;23.865;20.32;46.4
2015-07-28;07:36;13.565;24.35;20.32;46.56
2015-07-28;07:42;13.565;23.865;20.0;45.61
2015-07-28;07:48;-25.8;23.54;;
2015-07-28;08:00;13.305;23.865;20.32;44.98
2015-07-28;08:06;13.39;23.545;20.32;45.3
2015-07-28;08:12;13.39;24.03;20.32;44.98
2015-07-28;08:18;-25.8;24.19;;
2015-07-28;08:30;13.565;24.03;20.64;45.93
2015-07-28;08:36;13.65;23.705;20.32;45.61
2015-07-28;08:42;13.735;23.865;20.32;46.71
2015-07-28;08:48;-25.8;23.87;;
2015-07-28;09:00;13.475;23.865;20.32;45.3
2015-07-28;09:06;-25.8;23.87;20.64;45.61
2015-07-28;10:00;13.215;23.705;20.64;44.03
2015-07-28;10:06;13.13;23.87;20.32;44.51
2015-07-28;10:12;13.305;23.865;20.32;44.03
2015-07-28;10:18;13.305;24.19;20.32;44.51
2015-07-28;10:24;13.13;23.705;20.32;44.03
2015-07-28;10:30;13.305;24.03;20.32;44.98
2015-07-28;10:36;13.045;23.865;20.64;44.51
2015-07-28;10:42;13.045;23.705;20.32;44.98
2015-07-28;10:48;13.215;23.705;20.64;44.19
2015-07-28;10:54;13.13;23.705;20.32;43.72
2015-07-28;11:00;13.045;23.865;20.64;43.72
2015-07-28;11:06;13.13;23.545;20.32;44.19
2015-07-28;11:12;13.045;23.865;20.32;43.56
2015-07-28;11:18;13.045;23.545;20.32;44.03
2015-07-28;11:24;13.215;23.865;20.32;43.56
2015-07-28;11:30;13.13;23.705;20.32;43.72
2015-07-28;11:36;13.13;24.03;20.32;43.56
2015-07-28;11:42;13.305;23.705;20.64;44.03
2015-07-28;11:48;13.215;24.03;20.64;43.88
2015-07-28;11:54;13.39;23.705;20.32;44.35
2015-07-28;12:00;13.13;24.03;20.32;44.03
2015-07-28;12:06;13.39;23.705;20.64;44.51
2015-07-28;12:12;13.475;23.705;20.64;44.35
2015-07-28;12:18;13.56;23.865;;
2015-07-28;12:24;-25.8;23.22;20.64;44.51
2015-07-28;12:30;13.565;23.705;20.32;44.35
2015-07-28;12:36;13.475;23.705;20.64;44.35
2015-07-28;12:42;13.65;23.705;20.32;44.51
2015-07-28;12:48;13.565;23.545;20.32;44.35
2015-07-28;12:54;13.735;23.705;20.64;44.66
2015-07-28;13:00;13.39;23.705;20.32;44.35
2015-07-28;13:06;13.565;23.545;20.64;45.14
2015-07-28;13:12;13.995;23.705;20.64;45.45
2015-07-28;13:18;13.65;23.705;20.64;44.82
2015-07-28;13:24;13.91;23.87;20.32;45.14
2015-07-28;13:30;13.65;23.545;20.32;44.66
2015-07-28;13:36;13.995;23.385;20.32;45.77
2015-07-28;13:42;14.345;23.705;20.32;46.87
2015-07-28;13:48;14.17;23.705;20.32;45.45
2015-07-28;13:54;14.345;23.865;20.32;45.45
2015-07-28;14:00;14.17;23.705;20.32;45.14
2015-07-28;14:06;14.515;23.705;20.32;46.24
2015-07-28;14:12;14.085;23.865;20.64;45.61
2015-07-28;14:18;14.255;23.545;20.0;45.93
2015-07-28;14:24;14.515;24.03;20.0;45.93
2015-07-28;14:30;14.345;23.705;20.32;45.61
2015-07-28;14:36;14.605;23.87;20.32;46.24
2015-07-28;14:42;14.43;24.025;20.32;45.61
2015-07-28;14:48;14.515;23.705;20.64;46.87
2015-07-28;14:54;14.515;24.03;20.0;46.71
2015-07-28;15:00;14.865;23.385;20.0;47.5
2015-07-28;15:06;15.125;23.385;20.0;47.5
2015-07-28;15:12;15.035;23.22;20.0;47.82
2015-07-28;15:18;56.39;23.54;20.0;47.66
2015-07-28;15:24;14.515;24.03;20.32;45.93
2015-07-28;15:30;14.865;23.545;20.32;47.03
2015-07-28;15:36;14.515;24.03;20.32;45.93
2015-07-28;15:42;14.775;24.03;20.0;46.87
2015-07-28;15:48;14.69;24.03;20.32;46.08
2015-07-28;15:54;15.035;23.705;20.32;46.71
2015-07-28;16:00;14.775;24.03;20.32;46.56
2015-07-28;16:06;14.95;23.865;20.32;47.19
2015-07-28;16:12;14.69;24.19;20.32;46.56
2015-07-28;16:18;15.035;23.865;20.0;48.13
2015-07-28;16:24;15.47;23.385;20.0;47.66
2015-07-28;16:30;15.385;23.385;19.67;48.13
2015-07-28;16:36;15.645;23.385;19.67;48.29
2015-07-28;16:42;15.555;23.22;19.67;49.08
2015-07-28;16:48;15.645;23.06;19.67;48.76
2015-07-28;16:54;15.82;23.06;19.67;49.08
2015-07-28;17:00;15.645;23.385;19.67;48.13
2015-07-28;17:06;14.95;23.545;20.0;47.66
2015-07-28;17:12;15.21;23.545;20.32;47.03
2015-07-28;17:18;15.125;23.705;20.0;47.66
2015-07-28;17:24;15.295;23.545;20.0;47.19
2015-07-28;17:30;15.125;23.545;20.0;47.5
2015-07-28;17:36;15.295;23.705;20.0;47.19
2015-07-28;17:42;14.95;23.545;20.0;47.5
2015-07-28;17:48;15.21;23.545;20.32;47.19
2015-07-28;17:54;15.035;24.19;20.0;47.34
2015-07-28;18:00;15.295;23.22;20.0;48.13
2015-07-28;18:06;15.035;23.705;20.32;47.5
2015-07-28;18:12;15.21;24.835;20.0;47.98
2015-07-28;18:18;15.555;23.545;20.0;48.29
2015-07-28;18:24;15.21;23.06;19.67;48.13
2015-07-28;18:30;15.295;23.06;20.0;48.45
2015-07-28;18:36;15.21;23.06;19.67;48.61
2015-07-28;18:42;15.385;23.22;19.67;48.29
2015-07-28;18:48;15.295;23.06;19.67;47.66
2015-07-28;18:54;15.295;22.9;19.67;48.29
2015-07-28;19:00;15.21;22.735;19.67;48.13
2015-07-28;19:06;15.035;22.735;19.67;47.66
2015-07-28;19:12;15.125;22.735;19.67;47.03
2015-07-28;19:18;14.95;23.22;20.0;46.24
2015-07-28;19:24;14.605;23.06;20.0;47.19
2015-07-28;19:30;14.865;22.9;20.0;47.03
2015-07-28;19:36;14.865;22.735;;
2015-07-28;19:42;14.775;22.9;20.0;47.34
2015-07-28;19:48;14.69;22.9;20.0;46.4
2015-07-28;19:54;14.43;23.22;20.32;46.4
2015-07-28;20:00;14.69;22.735;20.0;45.93
2015-07-28;20:06;14.255;23.22;20.0;46.4
2015-07-28;20:12;14.17;23.38;20.0;45.45
2015-07-28;20:18;14.17;23.38;19.67;45.93
2015-07-28;20:24;13.91;23.22;20.0;45.14
2015-07-28;20:30;14.255;23.06;20.0;45.61
2015-07-28;20:36;13.995;23.22;20.0;45.3
2015-07-28;20:42;13.65;23.22;20.32;45.14
2015-07-28;20:48;14.085;23.38;20.0;45.14
2015-07-28;20:54;13.825;23.54;20.0;45.61
2015-07-28;21:00;13.735;23.87;20.0;44.82
2015-07-28;21:06;13.735;23.06;20.0;44.66
2015-07-28;21:12;13.825;23.22;20.0;45.61
2015-07-28;21:18;13.565;23.545;20.0;46.08
2015-07-28;21:24;13.305;23.22;20.32;44.35
2015-07-28;21:30;13.565;23.385;20.0;44.35
2015-07-28;21:36;13.565;23.545;20.32;45.61
2015-07-28;21:42;13.215;23.545;20.0;45.45
2015-07-28;21:48;13.475;23.22;20.0;44.66
2015-07-28;21:54;13.39;23.545;20.0;45.93
2015-07-28;22:00;13.475;23.705;20.0;46.56
2015-07-28;22:06;13.475;23.545;20.32;46.4
2015-07-28;22:12;13.475;23.385;20.0;44.82
2015-07-28;22:18;13.305;23.545;20.0;46.08
2015-07-28;22:24;13.305;23.545;20.32;46.24
2015-07-28;22:30;13.215;23.705;20.32;46.08
2015-07-28;22:36;13.045;23.385;20.32;44.66
2015-07-28;22:42;13.305;23.545;20.0;45.3
2015-07-28;22:48;13.305;23.545;20.0;46.24
2015-07-28;22:54;13.215;23.865;20.0;45.77
2015-07-28;23:00;13.39;23.705;20.0;45.61
2015-07-28;23:06;13.475;23.865;20.32;45.61
2015-07-28;23:12;13.475;23.865;20.0;45.3
2015-07-28;23:18;13.215;23.865;20.32;44.98
2015-07-28;23:24;13.215;23.705;20.32;45.61
2015-07-28;23:30;13.305;23.705;20.0;44.82
2015-07-28;23:36;13.045;24.03;20.0;44.82
2015-07-28;23:42;13.305;23.865;20.32;44.66
2015-07-28;23:48;13.305;23.865;20.0;44.98
2015-07-28;23:54;13.13;23.865;20.0;44.82
2015-07-29;00:00;13.215;24.19;20.0;45.14
2015-07-29;00:06;13.305;24.03;20.32;45.14
2015-07-29;00:12;12.955;23.385;20.32;44.82
2015-07-29;00:18;13.045;23.545;20.0;44.19
2015-07-29;00:24;51.54;23.87;20.0;44.66
2015-07-29;00:30;-25.8;23.54;20.0;44.35
2015-07-29;00:36;13.045;23.865;20.32;44.51
2015-07-29;00:42;12.87;24.35;20.32;44.51
2015-07-29;00:48;12.87;23.865;20.32;45.14
2015-07-29;00:54;13.215;23.865;20.32;45.3
2015-07-29;01:00;13.215;23.865;20.32;45.61
2015-07-29;01:06;13.215;23.865;20.32;45.45
2015-07-29;01:12;13.13;23.865;20.32;45.3
2015-07-29;01:18;13.13;23.865;20.32;45.61
2015-07-29;01:24;13.045;24.03;20.32;45.77
2015-07-29;01:30;13.39;24.03;20.32;45.14
2015-07-29;01:36;13.215;23.865;20.32;45.45
2015-07-29;01:42;13.215;23.865;20.32;45.3
2015-07-29;01:48;13.39;24.19;20.32;45.45
2015-07-29;01:54;13.39;23.865;20.32;45.61
2015-07-29;02:00;13.215;23.865;20.0;45.93
2015-07-29;02:06;13.305;23.865;20.32;45.61
2015-07-29;02:12;13.305;24.03;20.32;45.61
2015-07-29;02:18;13.565;24.19;20.32;45.93
2015-07-29;02:24;13.475;23.865;20.32;45.93
2015-07-29;02:30;13.475;24.35;20.0;46.24
2015-07-29;02:36;13.475;23.865;20.32;45.77
2015-07-29;02:42;13.39;23.865;20.0;46.24
2015-07-29;02:48;13.65;23.865;20.0;46.4
2015-07-29;02:54;13.565;23.865;;
2015-07-29;03:00;13.65;23.865;20.0;46.71
2015-07-29;03:06;13.475;23.865;20.0;46.24
2015-07-29;03:12;13.735;24.03;20.0;46.56
2015-07-29;03:18;13.65;23.865;20.32;46.08
2015-07-29;03:24;13.565;23.865;20.0;46.56
2015-07-29;03:30;13.825;23.865;20.0;46.56
2015-07-29;03:36;13.825;23.865;20.0;46.56
2015-07-29;03:42;13.735;24.03;20.32;46.4
2015-07-29;03:48;13.65;24.03;20.32;46.24
2015-07-29;03:54;13.825;23.865;20.32;46.4
2015-07-29;04:00;13.825;24.03;20.0;46.87
2015-07-29;04:06;13.65;24.03;20.0;47.03
2015-07-29;04:12;13.475;23.545;20.32;45.77
2015-07-29;04:18;13.305;23.705;20.0;45.77
2015-07-29;04:24;13.39;23.865;20.0;46.87
2015-07-29;04:30;13.305;25.965;20.32;46.24
2015-07-29;04:36;13.39;23.865;20.0;46.08
2015-07-29;04:42;13.65;24.03;20.32;46.24
2015-07-29;04:48;13.735;23.865;20.32;46.56
2015-07-29;04:54;13.65;23.865;20.32;47.66
2015-07-29;05:00;13.475;23.385;20.32;45.3
2015-07-29;05:06;13.39;23.87;20.0;47.03
2015-07-29;05:12;13.39;23.705;20.0;46.08
2015-07-29;05:18;13.735;23.865;20.0;46.4
2015-07-29;05:24;13.65;23.865;20.0;47.03
2015-07-29;05:30;13.65;23.865;20.0;46.87
2015-07-29;05:36;13.65;24.35;20.0;46.87
2015-07-29;05:42;13.825;23.865;20.0;46.56
2015-07-29;05:48;13.735;23.865;20.32;47.19
2015-07-29;05:54;13.825;23.865;20.0;47.5
2015-07-29;06:00;13.91;23.865;20.0;47.19
2015-07-29;06:06;13.91;24.19;20.0;47.34
2015-07-29;06:12;13.995;23.865;20.0;47.66
2015-07-29;06:18;13.735;23.865;20.0;47.5
2015-07-29;06:24;14.085;24.35;20.0;47.5
2015-07-29;06:30;14.085;23.865;20.0;47.34
2015-07-29;06:36;13.995;23.865;20.32;47.5
2015-07-29;06:42;14.085;23.865;20.0;47.34
2015-07-29;06:48;13.995;23.865;20.0;47.82
2015-07-29;06:54;13.995;24.19;20.0;47.19
2015-07-29;07:00;13.995;24.03;20.0;47.5
2015-07-29;07:06;13.995;24.03;20.0;47.19
2015-07-29;07:12;13.91;26.285;20.0;46.87
2015-07-29;07:18;13.995;24.03;20.0;46.87
2015-07-29;07:24;13.91;24.19;20.32;46.08
2015-07-29;07:30;13.91;23.705;20.0;45.61
2015-07-29;07:36;13.565;23.865;20.32;45.77
2015-07-29;07:42;13.735;24.03;20.32;44.82
2015-07-29;07:48;13.475;23.865;20.0;44.82
2015-07-29;07:54;13.65;24.03;20.32;44.51
2015-07-29;08:00;13.39;23.865;20.32;44.35
2015-07-29;08:06;13.045;24.35;20.32;43.56
2015-07-29;08:12;13.045;23.705;20.64;43.72
2015-07-29;08:18;13.045;23.865;20.0;43.88
2015-07-29;08:24;12.87;23.865;20.64;43.72
2015-07-29;08:30;12.87;23.865;20.32;43.72
2015-07-29;08:36;12.785;23.705;20.64;43.56
2015-07-29;08:42;12.87;24.19;20.32;42.93
2015-07-29;08:48;12.695;25.8;20.64;42.93
2015-07-29;08:54;12.785;23.705;20.64;43.4
2015-07-29;09:00;12.695;24.35;20.64;43.4
2015-07-29;09:06;12.61;23.705;20.32;43.25
2015-07-29;09:12;12.61;24.03;20.32;42.77
2015-07-29;09:18;12.35;23.385;20.64;43.25
2015-07-29;09:24;12.87;24.03;20.64;43.4
2015-07-29;09:30;51.02;24.19;20.32;43.09
2015-07-29;09:36;12.435;23.545;20.64;42.77
2015-07-29;09:42;12.35;24.03;20.64;42.46
2015-07-29;09:48;-25.8;22.9;;
2015-07-29;10:00;13.215;23.385;20.64;43.25
2015-07-29;10:06;12.87;23.865;20.64;43.09
2015-07-29;10:12;12.695;23.545;;
2015-07-29;10:18;12.955;23.545;20.64;42.61
2015-07-29;10:24;12.785;23.705;20.64;42.46
2015-07-29;10:30;12.435;23.38;20.64;42.3
2015-07-29;10:36;12.785;23.385;20.32;42.14
2015-07-29;10:42;12.52;23.545;20.96;42.46
2015-07-29;10:48;-25.8;24.19;20.64;42.46
2015-07-29;11:06;49.8;24.19;;
2015-07-29;11:12;12.175;23.545;20.64;41.35
2015-07-29;11:18;11.74;23.87;20.64;41.2
2015-07-29;11:24;12.175;23.545;20.64;41.35
2015-07-29;11:30;11.915;23.705;20.96;40.72
2015-07-29;11:36;12.175;23.705;20.64;41.83
2015-07-29;11:42;12.175;23.545;20.64;41.2
2015-07-29;11:48;12.0;23.865;20.0;42.14
2015-07-29;11:54;12.09;23.545;20.32;41.67
2015-07-29;12:00;12.175;23.87;20.64;41.98
2015-07-29;12:06;12.0;23.545;20.32;41.98
2015-07-29;12:12;12.175;23.705;20.96;41.2
2015-07-29;12:18;12.0;23.865;20.64;42.14
2015-07-29;12:24;12.52;23.705;20.64;41.83
2015-07-29;12:30;12.175;23.865;20.96;41.67
2015-07-29;12:36;-25.8;23.22;20.64;42.14
2015-07-29;12:48;-25.8;23.87;20.96;41.98
2015-07-29;12:54;12.35;23.705;20.64;42.14
2015-07-29;13:00;12.35;24.03;20.96;41.51
2015-07-29;13:06;12.35;24.03;20.96;42.46
2015-07-29;13:18;-25.8;24.19;20.96;42.3
2015-07-29;13:24;12.35;23.705;20.64;42.46
2015-07-29;13:30;12.695;24.03;20.96;42.14
2015-07-29;13:36;12.695;24.03;20.64;43.4
2015-07-29;13:42;13.045;23.385;20.64;44.03
2015-07-29;13:48;13.045;23.705;20.64;43.4
2015-07-29;13:54;12.695;23.865;20.96;42.14
2015-07-29;14:12;12.785;23.865;20.64;42.61
2015-07-29;14:18;13.045;23.385;20.32;43.72
2015-07-29;14:24;13.13;23.865;20.64;42.46
2015-07-29;14:30;13.13;23.705;20.32;43.56
2015-07-29;14:36;13.39;23.545;20.32;44.82
2015-07-29;14:42;13.305;24.03;20.64;43.56
2015-07-29;14:48;13.565;23.705;20.64;44.82
2015-07-29;14:54;13.995;23.545;20.32;45.61
2015-07-29;15:00;14.255;23.385;20.32;45.61
2015-07-29;15:06;14.345;23.22;20.32;45.93
2015-07-29;15:12;14.255;23.545;20.64;45.77
2015-07-29;15:18;14.43;23.385;20.32;46.24
2015-07-29;15:24;14.515;23.54;20.0;46.56
2015-07-29;15:30;14.605;23.545;20.32;45.93
2015-07-29;15:36;14.515;23.54;20.0;46.56
2015-07-29;15:42;14.43;23.22;20.0;46.24
2015-07-29;15:48;14.69;23.38;20.32;46.24
2015-07-29;15:54;14.69;23.545;20.0;46.71
2015-07-29;16:00;14.865;23.385;20.0;46.87
2015-07-29;16:06;55.53;23.54;;
2015-07-29;16:18;-25.8;22.58;20.0;46.87
2015-07-29;16:24;14.95;23.06;20.0;47.19
2015-07-29;16:36;-25.8;22.25;20.32;47.19
2015-07-29;16:42;14.95;23.06;20.0;47.5
2015-07-29;16:48;15.21;23.06;20.0;47.82
2015-07-29;16:54;15.125;23.22;20.32;47.5
2015-07-29;17:00;15.21;23.06;20.0;47.66
2015-07-29;17:06;14.865;23.54;20.64;45.45
2015-07-29;17:12;14.69;23.22;20.0;47.03
2015-07-29;17:30;15.21;22.9;;
2015-07-29;17:36;15.125;23.545;20.0;47.5
2015-07-29;17:42;14.605;23.38;20.0;46.71
2015-07-29;17:48;14.69;23.38;20.32;45.61
2015-07-29;17:54;14.605;23.54;20.32;46.4
2015-07-29;18:00;14.515;23.06;20.64;45.61
2015-07-29;18:06;14.95;23.06;20.0;47.03
2015-07-29;18:12;14.865;23.38;20.0;47.19
2015-07-29;18:18;14.43;23.385;20.32;45.77
2015-07-29;18:24;14.775;23.38;20.32;46.24
2015-07-29;18:30;14.515;23.385;20.32;45.93
2015-07-29;18:36;55.7;23.54;20.0;46.87
2015-07-29;19:00;14.515;23.865;20.32;45.61
2015-07-29;19:06;14.345;23.705;20.32;45.93
2015-07-29;19:12;14.17;23.22;20.32;45.45
2015-07-29;19:18;14.17;23.385;20.32;45.93
2015-07-29;19:24;13.995;23.705;20.32;45.3
2015-07-29;19:30;14.255;23.22;20.32;45.45
2015-07-29;19:36;13.995;23.545;20.32;45.3
2015-07-29;19:42;13.995;23.06;20.32;44.98
2015-07-29;19:48;13.735;23.545;20.32;44.98
2015-07-29;19:54;13.65;23.38;20.32;44.82
2015-07-29;20:00;13.565;23.22;20.32;44.98
2015-07-29;20:06;13.305;23.545;20.32;44.51
2015-07-29;20:12;13.565;23.22;20.32;44.19
2015-07-29;20:18;13.215;23.545;20.32;44.35
2015-07-29;20:24;13.13;23.545;20.32;44.19
2015-07-29;20:30;13.215;23.385;20.0;43.88
2015-07-29;20:36;13.045;23.545;20.32;43.72
2015-07-29;20:42;12.955;23.545;20.32;44.19
2015-07-29;20:48;13.13;23.385;20.32;44.19
2015-07-29;20:54;13.13;23.545;20.32;44.82
2015-07-29;21:00;13.13;23.705;20.64;43.88
2015-07-29;21:06;-25.8;27.41;20.0;43.56
2015-07-29;21:30;12.695;23.87;20.32;43.72
2015-07-29;21:36;12.955;23.865;20.64;43.25
2015-07-29;21:42;12.785;23.385;20.32;43.4
2015-07-29;21:48;12.87;23.545;20.64;44.19
2015-07-29;21:54;12.695;23.705;20.32;43.09
2015-07-29;22:00;12.695;23.545;20.0;43.09
2015-07-29;22:06;12.61;23.385;20.0;44.03
2015-07-29;22:12;12.61;23.545;20.32;43.56
2015-07-29;22:18;12.695;25.805;20.32;43.25
2015-07-29;22:24;12.785;23.865;20.64;43.4
2015-07-29;22:36;51.19;23.87;20.32;43.4
2015-07-29;22:42;12.695;23.865;20.32;43.56
2015-07-29;22:48;12.435;23.545;20.32;42.93
2015-07-29;22:54;12.61;23.385;20.32;44.35
2015-07-29;23:00;12.435;23.545;20.32;43.88
2015-07-29;23:06;12.61;24.03;20.32;43.88
2015-07-29;23:12;12.61;23.705;20.32;43.4
2015-07-29;23:18;12.52;23.385;20.0;43.56
2015-07-29;23:24;12.695;23.545;20.32;44.19
2015-07-29;23:36;51.37;23.87;20.32;43.4
2015-07-29;23:42;12.785;23.87;20.64;43.56
2015-07-29;23:48;12.695;24.19;19.67;43.56
2015-07-29;23:54;12.87;23.865;20.32;43.72
2015-07-30;00:00;12.785;23.545;20.32;43.56
2015-07-30;00:06;12.785;23.545;20.32;44.82
2015-07-30;00:12;12.52;23.705;20.0;44.98
2015-07-30;00:18;12.61;23.865;20.32;44.51
2015-07-30;00:24;12.785;23.865;20.0;44.51
2015-07-30;00:30;12.87;23.865;20.32;44.82
2015-07-30;00:36;12.695;23.865;20.32;45.3
2015-07-30;00:42;-25.8;23.54;20.32;45.14
2015-07-30;00:48;51.02;24.19;;
2015-07-30;01:06;-25.8;23.22;;
2015-07-30;01:12;12.87;23.865;20.32;45.3
2015-07-30;01:18;12.785;24.03;20.32;44.82
2015-07-30;01:24;12.87;23.865;20.32;44.66
2015-07-30;01:30;12.785;23.705;20.0;44.03
2015-07-30;01:36;13.045;23.705;20.0;44.51
2015-07-30;01:42;13.045;24.19;20.32;44.19
2015-07-30;01:48;12.695;23.865;20.32;45.45
2015-07-30;01:54;12.87;23.865;20.32;45.45
2015-07-30;02:00;12.87;23.865;20.32;45.77
2015-07-30;02:06;12.955;23.705;20.32;45.45
2015-07-30;02:12;12.955;23.545;20.32;44.51
2015-07-30;02:18;12.955;23.545;20.0;44.82
2015-07-30;02:24;13.13;23.865;20.32;44.98
2015-07-30;02:30;12.955;23.865;20.32;45.45
2015-07-30;02:36;51.89;24.19;20.32;45.93
2015-07-30;02:48;-25.8;23.54;;
2015-07-30;02:54;13.215;23.865;20.32;46.4
2015-07-30;03:00;13.13;24.19;20.32;46.24
2015-07-30;03:06;13.215;23.705;20.32;45.77
2015-07-30;03:12;13.215;23.865;20.0;46.24
2015-07-30;03:18;52.41;24.19;;
2015-07-30;03:30;13.305;23.865;20.0;46.08
2015-07-30;03:36;13.39;23.865;20.0;46.4
2015-07-30;03:42;52.58;24.19;20.32;45.61
2015-07-30;03:48;13.65;23.545;20.32;45.93
2015-07-30;03:54;13.475;25.48;20.0;46.24
2015-07-30;04:00;13.475;23.865;20.32;46.71
2015-07-30;04:06;13.65;23.865;20.32;47.34
2015-07-30;04:12;13.565;23.865;20.0;47.19
2015-07-30;04:18;13.91;24.19;20.0;47.5
2015-07-30;04:24;13.995;23.865;20.0;47.34
2015-07-30;04:42;13.995;23.865;20.0;48.13
2015-07-30;04:48;14.17;23.865;20.32;48.13
2015-07-30;04:54;13.995;23.865;20.0;47.5
2015-07-30;05:00;14.17;23.865;20.0;47.98
2015-07-30;05:06;14.255;23.865;19.67;48.13
2015-07-30;05:12;14.17;23.865;20.0;48.45
2015-07-30;05:18;14.255;23.865;20.0;48.61
2015-07-30;05:24;14.17;23.865;20.0;48.13
2015-07-30;05:30;14.515;23.865;20.0;48.29
2015-07-30;05:36;14.43;24.03;20.0;48.29
2015-07-30;05:48;55.01;24.19;19.67;49.08
2015-07-30;05:54;14.345;23.865;20.0;49.08
2015-07-30;06:00;14.43;23.865;19.67;48.61
2015-07-30;06:06;14.69;23.865;20.0;48.92
2015-07-30;06:12;14.515;23.865;20.0;48.29
2015-07-30;06:18;14.69;23.865;19.67;48.61
2015-07-30;06:24;14.69;23.865;20.0;48.13
2015-07-30;06:30;14.515;23.865;19.67;47.66
2015-07-30;06:36;14.605;23.865;20.0;47.98
2015-07-30;06:42;14.69;24.19;20.0;48.29
2015-07-30;06:48;14.69;23.865;20.0;48.13
2015-07-30;06:54;14.69;24.03;20.0;48.45
2015-07-30;07:06;;;20.0;48.13
2015-07-30;07:12;14.69;24.35;20.0;47.82
2015-07-30;07:18;14.775;24.03;20.0;48.29
2015-07-30;07:24;14.865;24.19;20.0;48.61
2015-07-30;07:30;14.69;24.03;20.0;48.13
2015-07-30;07:36;14.605;24.03;20.0;48.29
2015-07-30;07:42;14.515;23.865;19.67;47.19
2015-07-30;07:48;14.775;24.03;20.0;47.98
2015-07-30;07:54;14.69;24.03;20.0;47.03
2015-07-30;08:30;14.255;23.865;20.0;46.24
2015-07-30;08:36;14.17;23.865;20.0;46.4
2015-07-30;08:48;14.255;23.865;;
2015-07-30;08:54;14.17;24.03;20.0;46.08
2015-07-30;09:00;13.91;23.865;19.67;45.61
2015-07-30;09:06;14.17;24.03;20.0;46.08
2015-07-30;09:12;13.825;24.03;20.0;45.93
2015-07-30;09:18;13.65;23.705;20.32;45.45
2015-07-30;09:24;13.735;23.865;20.32;45.45
2015-07-30;09:30;13.65;24.19;20.0;45.3
2015-07-30;09:36;13.65;24.03;20.0;44.82
2015-07-30;09:42;13.65;24.03;20.32;44.82
2015-07-30;09:48;;;20.32;44.66
2015-07-30;10:00;13.13;24.03;20.32;43.88
2015-07-30;10:06;13.39;24.35;20.32;44.03
2015-07-30;10:12;13.215;23.865;20.32;43.72
2015-07-30;10:18;13.045;23.865;20.32;43.88
2015-07-30;10:24;13.045;24.03;20.32;44.19
2015-07-30;10:30;12.955;24.03;20.32;44.03
2015-07-30;10:36;12.87;24.025;20.64;43.56
2015-07-30;10:42;12.955;23.705;20.32;43.4
2015-07-30;10:48;12.695;23.705;20.32;43.09
2015-07-30;10:54;12.87;23.865;20.32;43.09
2015-07-30;11:00;12.52;23.705;20.64;42.77
2015-07-30;11:06;12.61;23.865;20.32;42.77
2015-07-30;11:12;12.35;23.545;20.64;42.14
2015-07-30;11:18;12.26;23.865;20.32;42.46
2015-07-30;11:24;12.09;23.705;20.64;42.14
2015-07-30;11:30;12.0;23.705;20.64;41.98
2015-07-30;11:36;12.0;24.19;20.64;41.51
2015-07-30;11:42;12.0;23.705;20.32;41.2
2015-07-30;11:48;11.915;23.545;20.64;41.51
2015-07-30;11:54;11.83;24.03;20.64;41.67
2015-07-30;12:06;11.915;23.705;;
2015-07-30;12:12;11.83;23.865;20.64;41.35
2015-07-30;12:18;12.0;23.705;20.64;41.98
2015-07-30;12:24;11.74;23.705;20.64;41.51
2015-07-30;12:30;11.655;23.865;20.32;41.04
2015-07-30;12:36;11.655;23.705;20.96;41.51
2015-07-30;12:42;11.655;23.705;20.96;41.35
2015-07-30;12:48;;;20.32;41.35
2015-07-30;12:54;11.83;23.865;20.64;41.35
2015-07-30;13:00;11.915;23.545;20.64;41.67
2015-07-30;13:06;11.655;23.865;;
2015-07-30;13:18;;;20.64;41.04
2015-07-30;13:24;11.83;23.865;20.64;40.88
2015-07-30;13:30;11.57;23.385;20.64;41.2
2015-07-30;13:36;11.915;23.865;20.64;41.35
2015-07-30;13:42;11.74;23.225;20.64;41.67
2015-07-30;13:48;12.09;23.865;20.64;41.83
2015-07-30;13:54;12.09;23.545;20.96;41.51
2015-07-30;14:00;12.0;24.03;20.64;41.83
2015-07-30;14:06;12.35;23.865;20.96;42.14
2015-07-30;14:12;12.26;23.385;20.64;41.83
2015-07-30;14:18;12.09;23.865;;
2015-07-30;14:30;12.35;24.03;20.64;41.98
2015-07-30;14:36;12.435;24.03;20.64;41.83
2015-07-30;14:42;12.175;23.545;20.64;42.77
2015-07-30;14:48;12.695;23.865;20.64;42.93
2015-07-30;14:54;12.61;23.705;20.96;42.46
2015-07-30;15:00;12.52;24.03;20.32;42.46
2015-07-30;15:06;12.695;23.545;20.64;42.3
2015-07-30;15:12;12.695;23.865;20.64;42.77
2015-07-30;15:18;12.87;24.19;;
2015-07-30;15:30;12.695;23.865;20.64;42.93
2015-07-30;15:36;12.785;23.545;20.32;42.93
2015-07-30;15:54;12.87;23.705;20.64;43.09
2015-07-30;16:00;13.045;23.705;20.32;43.25
2015-07-30;16:06;13.13;23.865;20.64;43.4
2015-07-30;16:12;12.955;23.705;20.64;43.56
2015-07-30;16:18;12.87;24.03;20.64;42.93
2015-07-30;16:24;13.045;23.865;20.64;43.09
2015-07-30;16:30;12.955;23.865;20.64;43.4
2015-07-30;16:36;12.955;23.865;20.64;43.25
2015-07-30;16:42;13.045;23.865;20.96;43.25
2015-07-30;16:48;13.045;23.865;20.64;43.25
2015-07-30;16:54;13.13;23.545;20.32;43.25
2015-07-30;17:00;13.045;23.865;20.64;43.25
2015-07-30;17:06;13.045;23.545;20.64;44.03
2015-07-30;17:12;12.87;23.705;20.64;42.93
2015-07-30;17:18;12.87;23.865;20.64;43.4
2015-07-30;17:24;13.045;23.545;20.64;43.09
2015-07-30;17:30;12.955;23.865;20.64;43.25
2015-07-30;17:36;13.215;23.545;20.64;43.72
2015-07-30;17:42;12.785;23.385;20.64;43.72
2015-07-30;17:48;13.045;23.705;20.96;43.72
2015-07-30;17:54;13.13;23.385;20.64;43.72
2015-07-30;18:00;13.215;23.545;20.64;43.72
2015-07-30;18:06;13.045;23.225;20.64;43.88
2015-07-30;18:18;12.61;23.705;20.96;43.09
2015-07-30;18:24;12.785;23.22;20.32;43.56
2015-07-30;18:30;12.695;23.545;20.64;43.4
2015-07-30;18:36;12.87;23.545;20.64;43.09
2015-07-30;18:48;12.695;23.865;20.96;43.09
2015-07-30;18:54;12.785;23.22;20.64;43.72
2015-07-30;19:00;12.61;23.545;20.32;43.25
2015-07-30;19:06;12.52;23.705;20.64;42.61
2015-07-30;19:12;12.435;23.385;20.64;43.4
2015-07-30;19:18;12.435;23.385;20.64;43.25
2015-07-30;19:24;12.52;23.705;20.64;42.46
2015-07-30;19:30;12.61;23.545;20.64;43.25
2015-07-30;19:36;12.52;23.545;20.64;42.3
2015-07-30;19:42;12.35;23.385;20.64;42.77
2015-07-30;19:48;12.435;23.545;20.64;43.25
2015-07-30;19:54;12.61;23.705;20.64;44.03
2015-07-30;20:00;12.35;23.705;20.64;43.25
2015-07-30;20:06;50.84;23.87;20.64;44.19
2015-07-30;20:18;12.52;23.705;20.64;43.09
2015-07-30;20:24;12.35;23.385;20.64;43.56
2015-07-30;20:30;12.52;23.545;20.32;44.51
2015-07-30;20:36;12.61;23.705;20.32;44.19
2015-07-30;20:42;12.435;23.865;20.64;43.4
2015-07-30;20:48;12.26;23.545;20.32;43.72
2015-07-30;20:54;12.61;23.705;20.32;44.66
2015-07-30;21:00;12.435;25.965;20.64;45.61
2015-07-30;21:36;12.35;23.385;20.32;43.72
2015-07-30;21:42;12.435;24.19;20.32;45.61
2015-07-30;21:48;12.35;23.545;20.64;45.45
2015-07-30;21:54;51.19;24.19;20.32;45.93
2015-07-30;22:00;12.52;23.705;20.32;43.72
2015-07-30;22:06;-25.8;22.58;;
2015-07-30;22:30;12.695;24.03;20.32;45.45
2015-07-30;22:36;-25.8;23.87;;
2015-07-30;22:48;51.19;24.19;;
2015-07-30;22:54;12.695;23.865;20.32;45.61
2015-07-30;23:00;12.785;23.865;20.64;45.77
2015-07-30;23:06;12.695;23.545;20.32;45.45
2015-07-30;23:12;12.695;24.03;20.64;44.66
2015-07-30;23:18;12.87;23.705;20.32;45.61
2015-07-30;23:24;12.785;24.35;20.32;45.93
2015-07-30;23:30;12.955;23.865;20.32;45.77
2015-07-30;23:36;13.045;23.865;20.32;45.77
2015-07-30;23:42;12.87;23.545;20.64;44.82
2015-07-30;23:48;12.955;23.545;20.32;44.66
2015-07-30;23:54;12.785;23.705;20.64;45.14
2015-07-31;00:00;12.955;23.865;20.32;44.98
2015-07-31;00:06;12.87;23.865;20.32;45.45
2015-07-31;00:12;12.785;23.865;20.64;45.14
2015-07-31;00:18;13.045;23.705;20.32;44.35
2015-07-31;00:24;12.955;23.545;20.64;44.82
2015-07-31;00:30;13.13;23.705;20.32;44.66
2015-07-31;00:36;13.13;23.865;20.32;45.45
2015-07-31;00:42;13.13;23.865;20.32;45.3
2015-07-31;00:48;13.215;23.865;20.64;45.77
2015-07-31;00:54;-25.8;23.87;20.32;45.61
2015-07-31;01:18;-25.8;23.54;20.32;44.19
2015-07-31;01:24;13.045;23.705;20.32;45.14
2015-07-31;01:30;12.87;23.545;20.32;45.14
2015-07-31;01:36;13.13;23.705;20.64;44.98
2015-07-31;01:42;13.045;23.865;20.64;44.98
2015-07-31;01:48;12.955;24.03;20.64;45.14
2015-07-31;01:54;13.13;23.865;20.32;45.14
2015-07-31;02:00;12.87;23.545;20.32;43.88
2015-07-31;02:06;12.87;23.705;20.64;44.66
2015-07-31;02:18;-25.8;24.19;20.32;44.51
2015-07-31;02:24;12.785;25.48;20.32;44.66
2015-07-31;02:48;-25.8;23.54;20.0;45.3
2015-07-31;02:54;13.475;23.865;20.32;45.14
2015-07-31;03:00;13.305;24.19;20.32;44.82
2015-07-31;03:06;13.565;23.865;20.32;45.14
2015-07-31;03:18;-25.8;23.54;20.32;45.14
2015-07-31;03:24;13.39;23.865;20.32;45.14
2015-07-31;03:48;-25.8;23.87;20.32;45.45
2015-07-31;03:54;13.735;24.03;20.64;45.14
2015-07-31;04:00;13.735;23.865;20.64;45.14
2015-07-31;04:06;13.565;23.865;20.32;45.61
2015-07-31;04:12;13.475;23.865;20.32;45.3
2015-07-31;04:18;13.735;24.19;20.64;45.3
2015-07-31;04:24;13.65;23.865;20.32;45.3
2015-07-31;04:30;13.65;24.03;20.32;45.45
2015-07-31;04:36;13.825;23.865;20.32;45.45
2015-07-31;04:42;13.825;23.865;20.32;45.3
2015-07-31;04:48;13.735;23.865;20.32;45.77
2015-07-31;04:54;13.65;23.865;20.0;45.77
2015-07-31;05:00;13.735;23.865;20.32;45.3
2015-07-31;05:06;13.65;23.865;20.32;45.61
2015-07-31;05:12;13.735;23.865;20.32;45.61
2015-07-31;05:18;13.995;23.865;20.32;45.61
2015-07-31;05:24;13.65;23.865;20.32;45.93
2015-07-31;05:36;-25.8;23.54;20.64;45.77
2015-07-31;05:42;13.825;23.865;20.32;45.77
2015-07-31;05:48;13.91;23.705;20.32;46.08
2015-07-31;05:54;13.91;23.865;;
2015-07-31;06:00;13.735;23.865;20.32;45.93
2015-07-31;06:06;13.825;23.865;20.64;46.08
2015-07-31;06:12;13.825;23.705;20.32;45.93
2015-07-31;06:18;13.995;23.865;20.32;46.08
2015-07-31;06:24;13.91;23.865;20.32;45.93
2015-07-31;06:30;13.825;23.865;20.32;45.93
2015-07-31;06:36;13.825;23.865;20.32;45.93
2015-07-31;06:42;13.735;23.865;20.32;45.77
2015-07-31;06:48;13.825;23.865;20.32;45.61
2015-07-31;06:54;13.735;23.865;20.32;45.61
2015-07-31;07:00;53.45;24.19;20.32;45.45
2015-07-31;07:06;13.825;23.865;20.32;45.3
2015-07-31;07:12;13.735;24.03;20.32;45.3
2015-07-31;07:18;13.65;23.865;20.64;45.3
2015-07-31;07:24;13.735;23.705;20.32;45.3
2015-07-31;07:30;13.91;24.03;20.32;45.3
2015-07-31;07:36;13.825;23.865;20.32;45.3
2015-07-31;07:42;13.735;24.03;20.0;45.3
2015-07-31;07:48;13.91;23.865;20.32;45.14
2015-07-31;07:54;13.825;23.705;20.32;45.14
2015-07-31;08:12;13.735;24.03;20.32;44.82
2015-07-31;08:18;13.735;23.865;20.32;45.45
2015-07-31;08:24;13.735;24.03;20.32;45.3
2015-07-31;08:30;13.825;23.865;20.32;45.3
2015-07-31;08:36;13.65;24.03;20.32;45.14
2015-07-31;08:42;13.735;24.03;20.32;44.82
2015-07-31;08:48;13.825;24.03;20.32;44.82
2015-07-31;08:54;13.65;24.03;20.64;44.98
2015-07-31;09:00;13.91;24.03;20.32;44.98
2015-07-31;09:06;-25.8;23.87;20.32;44.82
2015-07-31;09:18;53.27;24.19;20.32;44.19
2015-07-31;09:24;13.65;24.35;20.64;44.98
2015-07-31;09:30;13.735;24.19;20.64;45.45
2015-07-31;09:36;13.565;23.705;20.0;44.51
2015-07-31;09:42;13.39;23.06;20.32;44.35
2015-07-31;09:48;-25.8;22.9;;
2015-07-31;10:00;12.695;23.06;20.0;43.25
2015-07-31;10:06;12.695;22.735;20.0;42.93
2015-07-31;10:12;12.52;23.22;20.0;42.46
2015-07-31;10:18;12.52;22.735;20.32;42.77
2015-07-31;10:24;12.26;23.865;20.32;41.98
2015-07-31;10:30;12.35;25.315;20.64;41.98
2015-07-31;10:36;12.61;22.9;20.32;41.98
2015-07-31;10:42;12.61;23.06;20.32;42.14
2015-07-31;10:48;12.175;23.22;20.0;41.83
2015-07-31;10:54;12.175;23.22;20.32;41.67
2015-07-31;11:06;49.28;23.22;20.32;40.88
2015-07-31;11:12;11.57;22.735;20.32;40.72
2015-07-31;11:30;11.135;22.735;20.32;39.15
2015-07-31;11:36;10.875;22.575;20.32;38.36
2015-07-31;11:42;10.615;22.575;20.0;38.52
2015-07-31;11:48;10.44;22.735;20.32;38.36
2015-07-31;11:54;10.18;22.895;20.32;37.57
2015-07-31;12:36;47.38;23.22;20.32;38.99
2015-07-31;12:42;10.7;22.735;20.32;38.67
2015-07-31;12:48;10.53;23.06;20.32;38.36
2015-07-31;12:54;10.615;22.9;20.32;38.83
2015-07-31;13:00;-25.8;21.93;20.64;38.52
2015-07-31;13:06;10.7;22.735;20.64;38.2
2015-07-31;13:12;10.27;22.9;;
2015-07-31;13:18;10.27;22.575;20.32;38.52
2015-07-31;13:24;10.18;22.735;20.64;38.2
2015-07-31;13:30;10.18;22.9;20.32;37.73
2015-07-31;13:36;10.095;22.895;20.64;37.73
2015-07-31;13:42;9.92;23.22;20.32;37.88
2015-07-31;13:48;10.01;22.9;20.64;37.41
2015-07-31;13:54;10.18;22.895;20.64;38.04
2015-07-31;14:00;10.27;23.06;20.32;37.88
2015-07-31;14:06;10.27;22.735;20.64;38.52
2015-07-31;14:12;10.615;22.735;20.64;38.83
2015-07-31;14:18;10.44;22.9;20.64;38.67
2015-07-31;14:24;10.53;22.735;20.64;38.67
2015-07-31;14:30;10.53;22.9;20.32;38.99
2015-07-31;14:36;46.68;22.9;20.32;38.36
2015-07-31;14:48;-25.8;22.25;;
2015-07-31;14:54;10.44;23.06;20.64;38.04
2015-07-31;15:00;10.44;23.06;20.32;38.83
2015-07-31;15:06;10.355;23.06;20.64;38.2
2015-07-31;15:12;10.18;23.22;20.64;37.88
2015-07-31;15:18;10.27;22.735;20.96;38.04
2015-07-31;15:24;10.355;22.575;20.96;38.04
2015-07-31;15:30;10.095;24.835;20.32;38.2
2015-07-31;15:36;46.34;23.22;20.64;38.2
2015-07-31;15:48;-25.8;21.93;20.64;38.99
2015-07-31;15:54;11.31;23.06;20.32;40.25
2015-07-31;16:00;11.22;22.735;20.32;39.46
2015-07-31;16:06;49.28;22.9;20.32;41.2
2015-07-31;16:12;11.74;22.575;20.64;40.88
2015-07-31;16:18;11.83;22.9;20.64;40.88
2015-07-31;16:24;11.915;22.415;20.64;41.2
2015-07-31;16:30;12.085;23.06;20.64;40.57
2015-07-31;16:36;11.83;22.735;20.32;41.35
2015-07-31;16:42;11.83;22.415;20.32;40.57
2015-07-31;16:48;11.395;23.38;20.32;39.46
2015-07-31;16:54;11.48;22.575;20.32;40.25
2015-07-31;17:00;10.96;22.575;20.32;39.46
2015-07-31;17:06;11.135;22.575;20.32;39.3
2015-07-31;17:18;47.03;23.22;20.64;39.15
2015-07-31;17:24;10.615;22.415;20.32;38.83
2015-07-31;17:30;10.875;22.575;20.64;39.62
2015-07-31;17:36;10.615;22.74;20.64;38.99
2015-07-31;17:42;11.31;22.575;20.96;39.78
2015-07-31;17:48;11.57;22.575;20.32;40.41
2015-07-31;17:54;11.74;22.735;20.64;39.93
2015-07-31;18:00;12.35;22.575;20.64;41.83
2015-07-31;18:06;13.13;22.095;;
2015-07-31;18:18;54.66;22.58;20.0;46.4
2015-07-31;18:24;14.775;22.255;20.0;47.34
2015-07-31;18:30;15.035;22.58;20.0;47.82
2015-07-31;18:36;15.47;22.415;19.67;48.76
2015-07-31;18:42;15.905;22.575;19.67;49.08
2015-07-31;18:48;16.08;22.415;19.67;50.18
2015-07-31;18:54;16.425;22.575;19.67;50.5
2015-07-31;19:30;17.12;22.9;19.03;51.76
2015-07-31;19:36;17.205;23.06;19.35;51.92
2015-07-31;19:42;17.12;23.06;19.35;51.6
2015-07-31;19:48;17.03;23.06;19.35;51.6
2015-07-31;19:54;16.6;23.22;20.0;48.61
2015-07-31;20:00;15.645;23.38;20.0;47.98
2015-07-31;20:06;15.73;23.38;20.0;49.55
2015-07-31;20:12;16.165;23.38;19.67;49.71
2015-07-31;20:18;16.165;23.22;20.0;49.39
2015-07-31;20:24;16.08;23.22;20.0;49.08
2015-07-31;20:30;15.905;23.38;;
2015-07-31;20:36;15.645;23.705;19.67;48.92
2015-07-31;20:42;15.555;23.54;20.0;48.13
2015-07-31;20:48;;;19.67;47.98
2015-07-31;21:00;15.21;24.67;19.67;47.98
2015-07-31;21:06;15.21;23.38;20.0;47.82
2015-07-31;21:12;15.125;23.705;20.0;47.5
2015-07-31;21:18;14.95;23.545;20.32;46.71
2015-07-31;21:24;14.775;23.705;20.0;46.87
2015-07-31;21:30;14.605;23.705;20.32;46.56
2015-07-31;21:36;-25.8;23.22;20.32;46.24
2015-07-31;21:48;14.17;23.705;;
2015-07-31;21:54;14.17;24.03;20.32;45.77
2015-07-31;22:00;13.995;23.705;20.32;45.45
2015-07-31;22:06;13.995;23.87;20.32;45.45
2015-07-31;22:12;13.65;25.805;20.32;45.14
2015-07-31;22:18;13.825;23.705;20.64;44.82
2015-07-31;22:24;13.565;23.705;20.32;44.51
2015-07-31;22:36;13.305;23.705;;
2015-07-31;22:42;13.39;23.865;20.64;44.35
2015-07-31;22:48;;;20.64;44.03
2015-07-31;23:00;12.955;24.03;20.64;43.4
2015-07-31;23:06;12.955;24.03;20.64;43.4
2015-07-31;23:12;13.045;24.03;20.32;43.4
2015-07-31;23:18;12.61;24.03;20.32;43.4
2015-07-31;23:24;12.785;24.03;20.64;43.25
2015-07-31;23:30;12.52;24.03;20.32;42.77
2015-07-31;23:36;;;20.32;42.46
