date;time;temperatura;umidita;irraggiamento
2015-08-01;00:00;-5.713;45.308;
2015-08-01;00:06;-3.783;45.230;
2015-08-01;00:12;-3.482;45.435;
2015-08-01;00:18;-3.928;45.368;
2015-08-01;00:24;-5.780;45.675;
2015-08-01;00:30;-2.983;45.962;
2015-08-01;00:36;-14.442;46.003;
2015-08-01;00:42;-5.107;46.093;
2015-08-01;00:48;-14.187;46.372;
2015-08-01;00:54;-12.918;46.025;0.000
2015-08-01;01:00;-2.725;45.498;0.000
2015-08-01;01:06;13.518;45.313;0.000
2015-08-01;01:12;19.002;45.447;0.000
2015-08-01;01:18;22.165;46.073;0.000
2015-08-01;01:24;22.738;46.812;0.000
2015-08-01;01:30;22.723;47.400;0.000
2015-08-01;01:36;22.662;47.978;0.000
2015-08-01;01:42;22.558;48.333;0.000
2015-08-01;01:48;22.485;48.420;0.000
2015-08-01;01:54;7.618;48.708;0.000
2015-08-01;02:00;-0.852;48.980;0.000
2015-08-01;02:06;-8.365;49.330;0.000
2015-08-01;02:12;-17.972;49.743;0.000
2015-08-01;02:18;-18.153;50.180;0.000
2015-08-01;02:24;-6.667;50.503;0.000
2015-08-01;02:30;-30.718;50.990;0.000
2015-08-01;02:36;-25.718;51.340;0.000
2015-08-01;02:42;-2.063;51.512;0.000
2015-08-01;02:48;21.945;51.732;0.000
2015-08-01;02:54;21.933;51.713;0.000
2015-08-01;03:00;21.847;51.925;0.000
2015-08-01;03:06;20.870;52.292;0.000
2015-08-01;03:12;18.097;52.682;0.000
2015-08-01;03:18;20.350;53.050;0.000
2015-08-01;03:24;21.132;53.457;0.000
2015-08-01;03:30;21.323;53.887;0.000
2015-08-01;03:36;21.390;54.143;0.000
2015-08-01;03:42;21.430;54.207;0.000
2015-08-01;03:48;21.398;54.410;0.000
2015-08-01;03:54;21.357;54.725;0.000
2015-08-01;04:00;21.327;54.998;0.000
2015-08-01;04:06;21.350;55.167;0.000
2015-08-01;04:12;21.353;55.203;0.000
2015-08-01;04:18;21.328;55.323;0.000
2015-08-01;04:24;21.322;55.515;0.000
2015-08-01;04:30;21.337;55.520;0.000
2015-08-01;04:36;21.303;55.495;0.000
2015-08-01;04:42;21.282;55.437;0.000
2015-08-01;04:48;21.217;55.480;0.000
2015-08-01;04:54;21.152;55.677;0.000
2015-08-01;05:00;21.138;55.823;0.000
2015-08-01;05:06;21.167;55.712;0.000
2015-08-01;05:12;21.057;56.045;0.000
2015-08-01;05:18;20.982;56.435;0.000
2015-08-01;05:24;20.962;56.838;0.000
2015-08-01;05:30;20.815;57.290;0.000
2015-08-01;05:36;20.442;59.062;0.000
2015-08-01;05:42;1.610;60.857;0.000
2015-08-01;05:48;20.530;61.925;0.000
2015-08-01;05:54;20.558;62.220;0.000
2015-08-01;06:00;20.643;62.092;0.000
2015-08-01;06:06;20.600;61.540;0.000
2015-08-01;06:12;20.575;61.508;0.000
2015-08-01;06:18;20.552;61.253;0.000
2015-08-01;06:24;20.478;61.713;0.000
2015-08-01;06:30;20.428;61.637;4.500
2015-08-01;06:36;20.422;61.273;11.333
2015-08-01;06:42;20.440;61.403;5.167
2015-08-01;06:48;20.477;61.037;4.000
2015-08-01;06:54;20.480;60.720;8.333
2015-08-01;07:00;20.430;61.205;8.000
2015-08-01;07:06;20.368;61.880;4.833
2015-08-01;07:12;20.160;62.928;11.667
2015-08-01;07:18;19.915;65.237;16.500
2015-08-01;07:24;19.843;65.702;33.000
2015-08-01;07:30;19.670;67.812;32.333
2015-08-01;07:36;19.467;68.963;24.667
2015-08-01;07:42;19.288;71.260;38.500
2015-08-01;07:48;19.190;72.168;48.667
2015-08-01;07:54;19.118;73.438;76.167
2015-08-01;08:00;19.148;73.595;130.500
2015-08-01;08:06;19.332;72.962;124.167
2015-08-01;08:12;19.415;73.445;148.500
2015-08-01;08:18;19.528;72.615;153.833
2015-08-01;08:24;19.658;71.985;201.000
2015-08-01;08:30;19.843;71.415;180.500
2015-08-01;08:36;20.223;70.755;454.667
2015-08-01;08:42;20.153;70.098;255.167
2015-08-01;08:48;20.033;70.475;289.500
2015-08-01;08:54;20.337;69.377;161.000
2015-08-01;09:00;20.192;69.495;102.833
2015-08-01;09:06;20.192;69.265;64.500
2015-08-01;09:12;20.165;69.485;53.833
2015-08-01;09:18;20.388;69.387;127.500
2015-08-01;09:24;20.585;68.392;103.167
2015-08-01;09:30;20.700;67.890;72.667
2015-08-01;09:36;20.790;66.262;51.000
2015-08-01;09:42;20.617;68.473;54.167
2015-08-01;09:48;20.310;70.642;76.667
2015-08-01;09:54;20.298;72.267;87.000
2015-08-01;10:00;20.300;74.792;123.833
2015-08-01;10:06;20.492;71.948;253.833
2015-08-01;10:12;20.493;71.698;330.000
2015-08-01;10:18;20.460;71.328;253.333
2015-08-01;10:24;20.378;71.357;163.167
2015-08-01;10:30;20.555;71.515;307.000
2015-08-01;10:36;20.705;71.787;243.500
2015-08-01;10:42;20.792;71.080;396.667
2015-08-01;10:48;20.718;72.233;410.833
2015-08-01;10:54;20.613;72.237;234.667
2015-08-01;11:00;20.552;71.397;161.333
2015-08-01;11:06;20.925;69.697;190.000
2015-08-01;11:12;20.862;69.903;250.833
2015-08-01;11:18;20.685;71.995;354.833
2015-08-01;11:24;20.710;72.187;297.167
2015-08-01;11:30;21.098;70.732;466.833
2015-08-01;11:36;21.628;68.685;401.333
2015-08-01;11:42;21.818;68.068;346.833
2015-08-01;11:48;21.602;68.032;562.500
2015-08-01;11:54;21.693;65.958;337.500
2015-08-01;12:00;21.660;65.345;288.000
2015-08-01;12:06;21.650;65.050;333.833
2015-08-01;12:12;22.053;63.212;434.833
2015-08-01;12:18;22.152;62.380;530.833
2015-08-01;12:24;22.002;62.803;303.333
2015-08-01;12:30;21.798;62.925;318.000
2015-08-01;12:36;22.227;60.925;337.167
2015-08-01;12:42;22.320;58.995;335.000
2015-08-01;12:48;22.178;58.338;318.000
2015-08-01;12:54;22.343;57.527;295.333
2015-08-01;13:00;22.192;57.565;274.000
2015-08-01;13:06;22.135;59.775;239.833
2015-08-01;13:12;22.390;58.767;311.000
2015-08-01;13:18;22.328;58.310;302.167
2015-08-01;13:24;22.217;59.255;244.167
2015-08-01;13:30;22.365;60.400;203.833
2015-08-01;13:36;22.385;58.695;206.167
2015-08-01;13:42;22.300;55.942;143.500
2015-08-01;13:48;22.207;55.693;119.333
2015-08-01;13:54;22.350;55.285;150.667
2015-08-01;14:00;22.288;54.497;199.333
2015-08-01;14:06;22.265;54.438;221.833
2015-08-01;14:12;22.428;53.507;331.167
2015-08-01;14:18;22.363;53.152;428.500
2015-08-01;14:24;22.378;52.642;438.000
2015-08-01;14:30;22.607;52.962;395.667
2015-08-01;14:36;22.498;51.810;272.500
2015-08-01;14:42;22.377;52.770;206.667
2015-08-01;14:48;22.363;53.372;262.167
2015-08-01;14:54;22.290;54.347;409.167
2015-08-01;15:00;22.433;54.343;222.167
2015-08-01;15:06;21.947;57.348;152.667
2015-08-01;15:12;21.332;61.608;85.833
2015-08-01;15:18;20.950;64.202;87.333
2015-08-01;15:24;20.737;67.430;139.333
2015-08-01;15:30;20.382;68.782;201.667
2015-08-01;15:36;20.212;68.852;163.667
2015-08-01;15:42;20.102;72.122;109.167
2015-08-01;15:48;19.983;72.932;79.167
2015-08-01;15:54;20.003;72.512;57.667
2015-08-01;16:00;19.832;74.557;49.000
2015-08-01;16:06;19.638;74.883;60.500
2015-08-01;16:12;-30.148;74.193;77.500
2015-08-01;16:18;-41.115;73.428;68.333
2015-08-01;16:24;-40.332;72.108;95.667
2015-08-01;16:30;-40.887;73.072;118.833
2015-08-01;16:36;-40.777;76.285;134.000
2015-08-01;16:42;-37.942;78.187;138.000
2015-08-01;16:48;-16.117;77.915;121.833
2015-08-01;16:54;1.747;79.300;100.500
2015-08-01;17:00;-12.197;79.538;112.000
2015-08-01;17:06;9.295;79.240;100.167
2015-08-01;17:12;18.123;78.473;101.667
2015-08-01;17:18;18.602;76.838;83.500
2015-08-01;17:24;18.882;77.032;47.167
2015-08-01;17:30;19.042;77.503;39.333
2015-08-01;17:36;18.977;78.007;45.333
2015-08-01;17:42;19.187;78.707;49.000
2015-08-01;17:48;18.950;80.740;41.833
2015-08-01;17:54;18.545;84.152;49.333
2015-08-01;18:00;18.440;86.070;44.500
2015-08-01;18:06;18.605;87.433;40.000
2015-08-01;18:12;18.532;88.905;28.667
2015-08-01;18:18;18.502;90.123;29.667
2015-08-01;18:24;18.425;90.502;32.000
2015-08-01;18:30;18.328;89.858;23.667
2015-08-01;18:36;18.423;90.170;15.000
2015-08-01;18:42;18.340;91.252;15.667
2015-08-01;18:48;18.222;91.667;18.333
2015-08-01;18:54;18.065;91.423;19.333
2015-08-01;19:00;18.123;91.628;12.333
2015-08-01;19:06;18.062;91.342;7.667
2015-08-01;19:12;18.203;91.662;7.000
2015-08-01;19:18;18.202;91.948;7.333
2015-08-01;19:24;18.005;91.580;11.333
2015-08-01;19:30;18.005;90.707;12.333
2015-08-01;19:36;18.128;90.895;9.000
2015-08-01;19:42;18.165;90.975;7.667
2015-08-01;19:48;18.228;91.272;2.667
2015-08-01;19:54;18.198;91.833;6.333
2015-08-01;20:00;18.167;91.920;11.167
2015-08-01;20:06;18.218;91.582;17.000
2015-08-01;20:12;18.273;91.855;15.333
2015-08-01;20:18;18.330;92.163;12.333
2015-08-01;20:24;18.322;92.083;9.667
2015-08-01;20:30;18.352;91.345;8.333
2015-08-01;20:36;18.337;91.365;5.667
2015-08-01;20:42;18.295;91.202;2.833
2015-08-01;20:48;18.342;91.012;0.000
2015-08-01;20:54;18.355;90.655;0.000
2015-08-01;21:00;18.457;90.430;0.000
2015-08-01;21:06;18.452;90.500;0.000
2015-08-01;21:12;18.443;90.017;0.000
2015-08-01;21:18;18.468;89.717;0.000
2015-08-01;21:24;18.558;89.747;0.000
2015-08-01;21:30;18.590;89.435;0.000
2015-08-01;21:36;18.635;88.942;0.000
2015-08-01;21:42;18.718;88.777;0.000
2015-08-01;21:48;18.688;88.903;0.000
2015-08-01;21:54;18.843;89.620;0.000
2015-08-01;22:00;18.860;90.047;0.000
2015-08-01;22:06;18.782;90.233;0.000
2015-08-01;22:12;18.778;89.647;0.000
2015-08-01;22:18;18.965;88.312;0.000
2015-08-01;22:24;19.047;86.582;0.000
2015-08-01;22:30;19.187;85.447;0.000
2015-08-01;22:36;19.282;84.133;0.000
2015-08-01;22:42;19.333;83.665;0.000
2015-08-01;22:48;19.417;82.740;0.000
2015-08-01;22:54;19.487;83.187;0.000
2015-08-01;23:00;19.487;84.102;
2015-08-01;23:06;19.495;84.332;
2015-08-01;23:12;19.555;83.787;
2015-08-01;23:18;19.590;83.860;
2015-08-01;23:24;19.512;84.615;
2015-08-01;23:30;19.473;84.697;
2015-08-01;23:36;19.377;85.117;
2015-08-01;23:42;19.252;86.058;
2015-08-01;23:48;19.210;86.538;
2015-08-01;23:54;15.950;80.067;
2015-08-02;00:00;19.275;86.652;
2015-08-02;00:06;19.237;86.623;
2015-08-02;00:12;19.223;86.970;
2015-08-02;00:18;19.238;87.078;
2015-08-02;00:24;19.313;86.793;
2015-08-02;00:30;19.302;86.555;
2015-08-02;00:36;19.245;87.060;
2015-08-02;00:42;19.243;87.758;
2015-08-02;00:48;19.193;87.920;
2015-08-02;00:54;19.190;87.625;0.000
2015-08-02;01:00;19.148;87.433;0.000
2015-08-02;01:06;19.172;87.633;0.000
2015-08-02;01:12;19.093;88.847;0.000
2015-08-02;01:18;19.082;89.723;0.000
2015-08-02;01:24;19.103;89.797;0.000
2015-08-02;01:30;19.077;89.192;0.000
2015-08-02;01:36;19.078;88.970;0.000
2015-08-02;01:42;19.075;88.563;0.000
2015-08-02;01:48;19.098;88.318;0.000
2015-08-02;01:54;19.115;87.868;0.000
2015-08-02;02:00;19.087;87.503;0.000
2015-08-02;02:06;19.098;87.247;0.000
2015-08-02;02:12;19.137;86.972;0.000
2015-08-02;02:18;19.128;86.770;0.000
2015-08-02;02:24;19.140;86.782;0.000
2015-08-02;02:30;19.132;86.492;0.000
2015-08-02;02:36;19.070;86.110;0.000
2015-08-02;02:42;19.052;86.100;0.000
2015-08-02;02:48;19.083;86.352;0.000
2015-08-02;02:54;19.078;86.487;0.000
2015-08-02;03:00;19.058;86.568;0.000
2015-08-02;03:06;18.970;86.618;0.000
2015-08-02;03:12;18.875;86.518;0.000
2015-08-02;03:18;18.903;86.238;0.000
2015-08-02;03:24;18.783;85.958;0.000
2015-08-02;03:30;18.675;85.890;0.000
2015-08-02;03:36;18.643;86.057;0.000
2015-08-02;03:42;18.598;86.133;0.000
2015-08-02;03:48;18.590;86.075;0.000
2015-08-02;03:54;18.627;85.852;0.000
2015-08-02;04:00;18.627;85.698;0.000
2015-08-02;04:06;18.583;85.808;0.000
2015-08-02;04:12;18.535;86.040;0.000
2015-08-02;04:18;18.527;85.960;0.000
2015-08-02;04:24;18.567;85.683;0.000
2015-08-02;04:30;18.590;85.150;0.000
2015-08-02;04:36;18.515;84.965;0.000
2015-08-02;04:42;18.443;84.652;0.000
2015-08-02;04:48;18.423;84.453;0.000
2015-08-02;04:54;18.442;83.582;0.000
2015-08-02;05:00;18.498;83.305;0.000
2015-08-02;05:06;18.460;82.875;0.000
2015-08-02;05:12;18.505;82.123;0.000
2015-08-02;05:18;18.438;82.548;0.000
2015-08-02;05:24;18.405;82.667;0.000
2015-08-02;05:30;18.372;82.495;0.000
2015-08-02;05:36;18.405;82.283;0.000
2015-08-02;05:42;18.417;82.315;0.000
2015-08-02;05:48;18.383;82.290;0.000
2015-08-02;05:54;18.275;82.840;0.000
2015-08-02;06:00;18.210;83.402;0.000
2015-08-02;06:06;18.188;83.585;0.333
2015-08-02;06:12;18.222;83.602;3.500
2015-08-02;06:18;18.233;83.680;8.333
2015-08-02;06:24;18.175;83.883;17.667
2015-08-02;06:30;18.162;84.148;28.167
2015-08-02;06:36;18.217;83.812;38.667
2015-08-02;06:42;18.328;82.953;50.000
2015-08-02;06:48;18.432;82.452;59.500
2015-08-02;06:54;18.547;82.515;74.667
2015-08-02;07:00;18.692;82.450;119.333
2015-08-02;07:06;18.550;83.422;137.833
2015-08-02;07:12;18.603;83.733;156.500
2015-08-02;07:18;18.722;83.355;174.667
2015-08-02;07:24;18.857;82.908;193.167
2015-08-02;07:30;19.168;81.860;215.000
2015-08-02;07:36;19.273;80.973;237.000
2015-08-02;07:42;19.410;80.612;259.000
2015-08-02;07:48;19.472;79.970;285.500
2015-08-02;07:54;19.528;80.148;311.833
2015-08-02;08:00;19.542;79.873;339.667
2015-08-02;08:06;19.907;79.112;364.167
2015-08-02;08:12;20.018;77.797;390.167
2015-08-02;08:18;19.735;79.437;417.667
2015-08-02;08:24;19.807;78.985;441.000
2015-08-02;08:30;20.133;77.280;473.500
2015-08-02;08:36;20.248;76.993;501.000
2015-08-02;08:42;20.710;74.777;525.833
2015-08-02;08:48;-12.348;72.995;556.667
2015-08-02;08:54;-49.500;72.790;579.000
2015-08-02;09:00;-49.877;71.748;609.500
2015-08-02;09:06;-49.912;70.883;638.833
2015-08-02;09:12;-49.920;69.322;666.500
2015-08-02;09:18;-49.937;69.367;697.833
2015-08-02;09:24;-49.932;69.093;729.500
2015-08-02;09:30;-49.935;68.750;734.667
2015-08-02;09:36;-49.935;69.230;766.667
2015-08-02;09:42;-49.925;68.660;813.167
2015-08-02;09:48;-49.942;68.130;488.667
2015-08-02;09:54;-49.930;68.855;881.000
2015-08-02;10:00;-49.893;68.100;890.167
2015-08-02;10:06;-47.713;68.238;517.167
2015-08-02;10:12;-41.830;69.157;687.167
2015-08-02;10:18;-43.823;71.345;782.333
2015-08-02;10:24;-49.768;68.458;1071.667
2015-08-02;10:30;-49.748;69.063;853.333
2015-08-02;10:36;-49.828;67.833;804.833
2015-08-02;10:42;-49.757;68.335;961.000
2015-08-02;10:48;-48.770;68.292;716.333
2015-08-02;10:54;-47.717;67.333;1200.333
2015-08-02;11:00;-38.408;67.225;847.167
2015-08-02;11:06;-16.195;64.788;1263.000
2015-08-02;11:12;22.672;62.792;1000.000
2015-08-02;11:18;23.385;64.073;963.333
2015-08-02;11:24;23.313;64.672;838.833
2015-08-02;11:30;22.818;65.408;389.500
2015-08-02;11:36;23.110;65.373;792.000
2015-08-02;11:42;23.968;62.197;1381.667
2015-08-02;11:48;23.938;62.782;1092.000
2015-08-02;11:54;23.570;63.473;1013.333
2015-08-02;12:00;23.707;62.333;940.500
2015-08-02;12:06;24.035;60.297;882.167
2015-08-02;12:12;24.117;59.547;745.500
2015-08-02;12:18;23.735;60.337;1201.333
2015-08-02;12:24;24.520;58.020;851.833
2015-08-02;12:30;24.293;58.258;673.000
2015-08-02;12:36;24.037;58.625;1396.333
2015-08-02;12:42;24.935;55.808;1374.333
2015-08-02;12:48;25.000;55.790;1346.167
2015-08-02;12:54;24.755;56.205;1336.167
2015-08-02;13:00;24.593;55.710;1359.667
2015-08-02;13:06;25.288;54.343;1390.167
2015-08-02;13:12;24.868;55.420;1375.500
2015-08-02;13:18;25.162;55.180;1369.667
2015-08-02;13:24;25.673;53.427;1353.500
2015-08-02;13:30;25.347;54.133;1353.667
2015-08-02;13:36;25.743;52.907;1296.500
2015-08-02;13:42;25.592;53.265;1325.000
2015-08-02;13:48;25.668;52.742;1358.000
2015-08-02;13:54;25.758;52.807;1314.167
2015-08-02;14:00;26.917;50.368;1316.833
2015-08-02;14:06;26.963;49.263;1303.833
2015-08-02;14:12;26.358;51.383;1291.167
2015-08-02;14:18;26.587;51.202;1282.500
2015-08-02;14:24;27.098;49.435;1284.333
2015-08-02;14:30;26.677;49.307;1281.000
2015-08-02;14:36;26.327;49.410;1300.000
2015-08-02;14:42;26.920;47.927;1282.000
2015-08-02;14:48;26.873;48.882;1255.667
2015-08-02;14:54;27.123;48.198;1249.667
2015-08-02;15:00;27.453;47.233;1223.667
2015-08-02;15:06;27.028;47.207;1212.333
2015-08-02;15:12;26.920;47.113;1217.167
2015-08-02;15:18;27.025;47.077;1156.167
2015-08-02;15:24;27.477;46.477;1124.500
2015-08-02;15:30;28.535;44.155;1132.000
2015-08-02;15:36;28.805;43.490;1134.333
2015-08-02;15:42;27.795;46.585;1127.500
2015-08-02;15:48;27.733;46.260;1105.000
2015-08-02;15:54;27.525;47.203;1089.167
2015-08-02;16:00;28.477;44.560;1075.500
2015-08-02;16:06;27.928;46.747;1057.000
2015-08-02;16:12;27.742;47.885;1049.667
2015-08-02;16:18;27.632;47.708;1020.500
2015-08-02;16:24;27.728;47.288;992.833
2015-08-02;16:30;27.745;46.998;978.333
2015-08-02;16:36;27.502;48.567;947.500
2015-08-02;16:42;27.652;47.858;932.167
2015-08-02;16:48;28.163;46.650;899.000
2015-08-02;16:54;27.870;46.695;878.667
2015-08-02;17:00;27.998;47.353;863.000
2015-08-02;17:06;27.947;46.565;834.833
2015-08-02;17:12;28.285;45.955;798.333
2015-08-02;17:18;27.922;47.113;765.833
2015-08-02;17:24;28.135;46.062;751.333
2015-08-02;17:30;27.942;46.148;739.500
2015-08-02;17:36;28.385;46.575;705.833
2015-08-02;17:42;27.937;47.692;676.167
2015-08-02;17:48;28.102;46.622;646.167
2015-08-02;17:54;28.372;46.390;611.167
2015-08-02;18:00;27.878;47.135;591.500
2015-08-02;18:06;27.778;47.352;561.500
2015-08-02;18:12;27.947;46.782;531.000
2015-08-02;18:18;28.150;46.543;507.667
2015-08-02;18:24;27.850;47.612;492.833
2015-08-02;18:30;27.812;48.100;462.667
2015-08-02;18:36;27.895;48.330;440.167
2015-08-02;18:42;27.765;49.560;293.333
2015-08-02;18:48;27.752;49.578;74.000
2015-08-02;18:54;27.482;49.388;69.833
2015-08-02;19:00;27.607;49.093;91.500
2015-08-02;19:06;27.487;48.500;279.833
2015-08-02;19:12;27.573;48.085;279.000
2015-08-02;19:18;27.147;48.803;251.500
2015-08-02;19:24;-29.373;49.263;225.333
2015-08-02;19:30;-38.800;49.045;199.333
2015-08-02;19:36;-37.173;49.315;176.167
2015-08-02;19:42;-38.367;50.500;152.833
2015-08-02;19:48;-39.468;51.120;129.667
2015-08-02;19:54;-38.803;51.900;107.833
2015-08-02;20:00;-38.600;52.755;84.167
2015-08-02;20:06;-11.777;52.510;60.167
2015-08-02;20:12;24.405;53.328;45.000
2015-08-02;20:18;26.198;53.967;29.667
2015-08-02;20:24;-6.565;54.552;17.167
2015-08-02;20:30;12.697;55.238;10.000
2015-08-02;20:36;26.362;55.828;4.500
2015-08-02;20:42;12.400;56.750;0.667
2015-08-02;20:48;-48.617;57.297;0.000
2015-08-02;20:54;-49.340;57.433;0.000
2015-08-02;21:00;-2.267;57.342;0.000
2015-08-02;21:06;25.890;57.363;0.000
2015-08-02;21:12;25.925;57.430;0.000
2015-08-02;21:18;25.943;57.487;0.000
2015-08-02;21:24;25.890;57.662;0.000
2015-08-02;21:30;25.888;57.800;0.000
2015-08-02;21:36;25.845;57.703;0.000
2015-08-02;21:42;25.792;58.120;0.000
2015-08-02;21:48;25.670;58.668;0.000
2015-08-02;21:54;25.692;58.387;0.000
2015-08-02;22:00;25.708;58.045;0.000
2015-08-02;22:06;25.617;58.630;0.000
2015-08-02;22:12;25.555;58.983;0.000
2015-08-02;22:18;25.463;59.757;0.000
2015-08-02;22:24;25.315;60.742;0.000
2015-08-02;22:30;25.217;61.198;0.000
2015-08-02;22:36;25.002;61.528;0.000
2015-08-02;22:42;23.863;61.792;0.000
2015-08-02;22:48;-25.933;62.145;0.000
2015-08-02;22:54;-33.213;62.595;0.000
2015-08-02;23:00;-8.702;62.627;
2015-08-02;23:06;-5.340;62.645;
2015-08-02;23:12;-15.620;63.567;
2015-08-02;23:18;-34.020;63.993;
2015-08-02;23:24;-30.157;64.397;
2015-08-02;23:30;-22.510;64.375;
2015-08-02;23:36;-3.308;63.477;
2015-08-02;23:42;-4.905;64.042;
2015-08-02;23:48;4.610;64.232;
2015-08-02;23:54;-24.492;68.138;
2015-08-03;00:00;-17.897;64.603;
2015-08-03;00:06;-9.772;65.000;
2015-08-03;00:12;-46.123;65.272;
2015-08-03;00:18;-48.090;64.900;
2015-08-03;00:24;-49.523;65.187;
2015-08-03;00:30;-49.465;65.957;
2015-08-03;00:36;-49.343;66.378;
2015-08-03;00:42;-48.460;66.325;
2015-08-03;00:48;-48.585;66.630;
2015-08-03;00:54;-48.393;66.787;0.000
2015-08-03;01:00;-47.067;67.042;0.000
2015-08-03;01:06;-46.480;67.045;0.000
2015-08-03;01:12;-40.790;66.910;0.000
2015-08-03;01:18;-31.568;66.695;0.000
2015-08-03;01:24;-41.748;66.430;0.000
2015-08-03;01:30;-46.903;66.573;0.000
2015-08-03;01:36;-46.690;66.970;0.000
2015-08-03;01:42;-46.887;67.293;0.000
2015-08-03;01:48;-49.038;67.512;0.000
2015-08-03;01:54;-47.108;68.203;0.000
2015-08-03;02:00;-42.538;68.732;0.000
2015-08-03;02:06;-41.357;68.855;0.000
2015-08-03;02:12;-43.097;68.795;0.000
2015-08-03;02:18;-45.333;68.397;0.000
2015-08-03;02:24;-45.452;68.242;0.000
2015-08-03;02:30;-46.648;68.750;0.000
2015-08-03;02:36;-47.840;69.298;0.000
2015-08-03;02:42;-48.195;69.520;0.000
2015-08-03;02:48;-30.522;70.187;0.000
2015-08-03;02:54;22.462;70.990;0.000
2015-08-03;03:00;8.723;71.312;0.000
2015-08-03;03:06;19.512;71.387;0.000
2015-08-03;03:12;-24.338;72.327;0.000
2015-08-03;03:18;-14.570;72.472;0.000
2015-08-03;03:24;-8.865;72.588;0.000
2015-08-03;03:30;16.065;72.612;0.000
2015-08-03;03:36;12.465;72.697;0.000
2015-08-03;03:42;0.442;73.098;0.000
2015-08-03;03:48;0.915;72.958;0.000
2015-08-03;03:54;6.612;73.042;0.000
2015-08-03;04:00;-2.740;73.150;0.000
2015-08-03;04:06;-9.378;73.288;0.000
2015-08-03;04:12;-11.385;73.628;0.000
2015-08-03;04:18;-11.237;74.168;0.000
2015-08-03;04:24;-7.097;74.290;0.000
2015-08-03;04:30;-0.912;74.173;0.000
2015-08-03;04:36;21.498;73.945;0.000
2015-08-03;04:42;22.220;73.490;0.000
2015-08-03;04:48;22.298;73.228;0.000
2015-08-03;04:54;22.267;73.333;0.000
2015-08-03;05:00;22.155;73.728;0.000
2015-08-03;05:06;22.118;73.652;0.000
2015-08-03;05:12;22.153;73.498;0.000
2015-08-03;05:18;22.150;73.285;0.000
2015-08-03;05:24;22.072;73.728;0.000
2015-08-03;05:30;21.977;73.967;0.000
2015-08-03;05:36;21.925;74.100;0.000
2015-08-03;05:42;21.873;74.437;0.000
2015-08-03;05:48;21.775;75.020;0.000
2015-08-03;05:54;21.728;75.372;0.000
2015-08-03;06:00;21.722;75.623;0.000
2015-08-03;06:06;21.630;76.052;0.000
2015-08-03;06:12;21.608;76.138;4.000
2015-08-03;06:18;21.648;76.263;9.333
2015-08-03;06:24;21.583;76.742;15.167
2015-08-03;06:30;21.548;77.018;21.000
2015-08-03;06:36;21.638;76.690;28.667
2015-08-03;06:42;21.722;76.223;36.333
2015-08-03;06:48;21.777;75.998;45.167
2015-08-03;06:54;21.828;75.683;53.833
2015-08-03;07:00;21.165;75.458;91.667
2015-08-03;07:06;-33.602;75.037;108.833
2015-08-03;07:12;-49.767;75.880;124.000
2015-08-03;07:18;-49.925;76.007;151.833
2015-08-03;07:24;-49.942;74.707;178.333
2015-08-03;07:30;-49.972;73.702;194.667
2015-08-03;07:36;-49.998;72.602;215.667
2015-08-03;07:42;-49.987;71.687;239.667
2015-08-03;07:48;-49.918;72.432;255.667
2015-08-03;07:54;-49.945;71.617;271.333
2015-08-03;08:00;-49.895;70.955;303.667
2015-08-03;08:06;-49.868;71.150;346.667
2015-08-03;08:12;-49.882;69.703;370.833
2015-08-03;08:18;-49.937;68.943;383.667
2015-08-03;08:24;-49.938;68.807;413.500
2015-08-03;08:30;-49.972;69.145;436.333
2015-08-03;08:36;-49.982;69.253;469.333
2015-08-03;08:42;-49.972;68.750;500.333
2015-08-03;08:48;-49.945;68.703;523.167
2015-08-03;08:54;-49.793;65.183;544.000
2015-08-03;09:00;-49.937;65.755;571.167
2015-08-03;09:06;-49.965;65.853;602.833
2015-08-03;09:12;-49.998;65.407;629.667
2015-08-03;09:18;-49.905;64.557;653.000
2015-08-03;09:24;-47.495;63.605;688.500
2015-08-03;09:30;-2.078;63.617;711.000
2015-08-03;09:36;24.663;63.277;739.833
2015-08-03;09:42;25.353;60.982;765.000
2015-08-03;09:48;25.097;61.568;789.000
2015-08-03;09:54;25.238;60.683;809.000
2015-08-03;10:00;25.990;59.040;836.000
2015-08-03;10:06;26.002;59.533;847.000
2015-08-03;10:12;26.113;59.507;878.500
2015-08-03;10:18;26.435;58.068;901.000
2015-08-03;10:24;25.983;58.973;917.833
2015-08-03;10:30;25.912;58.892;952.167
2015-08-03;10:36;26.295;58.017;971.667
2015-08-03;10:42;26.507;56.682;1001.333
2015-08-03;10:48;26.337;57.367;1046.667
2015-08-03;10:54;27.040;55.292;1060.667
2015-08-03;11:00;26.597;56.323;1069.500
2015-08-03;11:06;26.520;56.120;1105.667
2015-08-03;11:12;26.860;55.033;1141.833
2015-08-03;11:18;27.453;53.155;1126.333
2015-08-03;11:24;26.928;54.470;1144.333
2015-08-03;11:30;27.427;52.412;1178.500
2015-08-03;11:36;28.002;51.263;1176.333
2015-08-03;11:42;28.060;50.568;1212.000
2015-08-03;11:48;27.965;51.007;1266.833
2015-08-03;11:54;27.750;51.628;1288.833
2015-08-03;12:00;27.730;51.132;1304.000
2015-08-03;12:06;27.467;51.877;1288.500
2015-08-03;12:12;28.002;50.377;1279.333
2015-08-03;12:18;28.477;49.255;1310.333
2015-08-03;12:24;28.398;48.850;1282.667
2015-08-03;12:30;28.520;48.847;1277.167
2015-08-03;12:36;28.658;48.978;1267.333
2015-08-03;12:42;28.883;48.180;1331.833
2015-08-03;12:48;28.967;47.553;1306.167
2015-08-03;12:54;29.598;45.913;1350.500
2015-08-03;13:00;29.305;46.835;1294.667
2015-08-03;13:06;28.998;47.835;1288.167
2015-08-03;13:12;29.330;47.323;987.667
2015-08-03;13:18;28.992;47.822;564.500
2015-08-03;13:24;28.880;47.422;1122.833
2015-08-03;13:30;29.455;46.025;1311.500
2015-08-03;13:36;29.865;45.007;1364.333
2015-08-03;13:42;29.080;46.678;1344.167
2015-08-03;13:48;29.540;45.997;1389.167
2015-08-03;13:54;30.180;45.078;1400.000
2015-08-03;14:00;30.183;45.180;1353.667
2015-08-03;14:06;29.455;46.630;1413.000
2015-08-03;14:12;29.740;46.540;1315.833
2015-08-03;14:18;30.100;46.222;1271.500
2015-08-03;14:24;30.815;44.007;1354.333
2015-08-03;14:30;30.063;45.903;1220.500
2015-08-03;14:36;30.505;44.875;1298.000
2015-08-03;14:42;30.343;45.132;1298.667
2015-08-03;14:48;30.367;45.077;1247.000
2015-08-03;14:54;30.243;45.533;1233.333
2015-08-03;15:00;29.622;46.952;1013.500
2015-08-03;15:06;30.035;45.973;1181.833
2015-08-03;15:12;30.520;45.083;1166.333
2015-08-03;15:18;29.970;46.638;1115.167
2015-08-03;15:24;29.672;46.642;1141.500
2015-08-03;15:30;30.240;45.690;1103.167
2015-08-03;15:36;30.182;45.742;1156.333
2015-08-03;15:42;30.095;45.433;1111.500
2015-08-03;15:48;29.907;45.835;1041.667
2015-08-03;15:54;30.008;46.078;1071.500
2015-08-03;16:00;30.242;45.543;1063.000
2015-08-03;16:06;30.167;45.417;943.500
2015-08-03;16:12;30.345;44.777;954.667
2015-08-03;16:18;30.583;43.800;959.500
2015-08-03;16:24;30.962;43.107;929.333
2015-08-03;16:30;30.527;43.257;955.833
2015-08-03;16:36;31.022;42.320;920.000
2015-08-03;16:42;30.805;42.757;876.333
2015-08-03;16:48;30.388;43.270;852.000
2015-08-03;16:54;30.767;42.065;826.667
2015-08-03;17:00;30.633;42.488;775.667
2015-08-03;17:06;30.710;42.177;796.500
2015-08-03;17:12;31.162;40.992;756.667
2015-08-03;17:18;30.747;41.142;749.667
2015-08-03;17:24;30.903;40.832;719.833
2015-08-03;17:30;31.008;40.828;695.333
2015-08-03;17:36;30.565;41.943;688.667
2015-08-03;17:42;30.630;41.557;649.833
2015-08-03;17:48;31.033;40.250;631.333
2015-08-03;17:54;30.720;40.817;604.500
2015-08-03;18:00;30.795;41.025;584.000
2015-08-03;18:06;30.895;40.453;549.167
2015-08-03;18:12;30.860;40.567;526.667
2015-08-03;18:18;30.783;41.125;493.000
2015-08-03;18:24;30.640;41.763;465.500
2015-08-03;18:30;30.670;41.843;447.333
2015-08-03;18:36;30.615;42.312;417.667
2015-08-03;18:42;30.608;41.870;327.000
2015-08-03;18:48;30.550;42.155;92.500
2015-08-03;18:54;30.555;42.120;86.667
2015-08-03;19:00;30.498;44.008;200.000
2015-08-03;19:06;30.377;44.012;286.000
2015-08-03;19:12;30.558;43.475;261.667
2015-08-03;19:18;30.535;43.393;237.333
2015-08-03;19:24;30.685;42.967;204.333
2015-08-03;19:30;30.417;43.772;180.667
2015-08-03;19:36;30.355;44.025;159.833
2015-08-03;19:42;30.237;44.368;135.833
2015-08-03;19:48;24.015;45.235;114.833
2015-08-03;19:54;-44.958;46.235;96.000
2015-08-03;20:00;-49.990;46.860;76.333
2015-08-03;20:06;-49.917;46.998;60.333
2015-08-03;20:12;-49.903;47.287;44.333
2015-08-03;20:18;-49.650;47.888;29.000
2015-08-03;20:24;-43.097;48.633;17.667
2015-08-03;20:30;25.180;49.178;10.333
2015-08-03;20:36;29.167;49.560;3.833
2015-08-03;20:42;29.000;49.983;0.000
2015-08-03;20:48;-44.785;49.968;0.000
2015-08-03;20:54;-46.983;50.205;0.000
2015-08-03;21:00;-47.797;50.432;0.000
2015-08-03;21:06;-47.928;50.592;0.000
2015-08-03;21:12;-48.162;50.667;0.000
2015-08-03;21:18;-47.698;50.988;0.000
2015-08-03;21:24;-47.993;51.113;0.000
2015-08-03;21:30;-47.673;51.242;0.000
2015-08-03;21:36;-47.518;50.923;0.000
2015-08-03;21:42;-48.002;50.637;0.000
2015-08-03;21:48;-48.243;50.578;0.000
2015-08-03;21:54;-48.512;50.937;0.000
2015-08-03;22:00;-48.752;51.020;0.000
2015-08-03;22:06;-49.075;50.737;0.000
2015-08-03;22:12;-49.103;51.018;0.000
2015-08-03;22:18;-48.518;51.560;0.000
2015-08-03;22:24;-46.837;51.973;0.000
2015-08-03;22:30;-47.932;52.903;0.000
2015-08-03;22:36;-46.900;52.687;0.000
2015-08-03;22:42;-46.855;53.092;0.000
2015-08-03;22:48;-44.003;53.088;0.000
2015-08-03;22:54;-45.730;53.000;0.000
2015-08-03;23:00;-46.672;52.857;
2015-08-03;23:06;-45.615;52.918;
2015-08-03;23:12;-18.485;52.667;
2015-08-03;23:18;-22.400;53.637;
2015-08-03;23:24;-32.135;54.418;
2015-08-03;23:30;-35.757;55.233;
2015-08-03;23:36;2.312;56.160;
2015-08-03;23:42;1.920;56.810;
2015-08-03;23:48;18.990;57.083;
2015-08-03;23:54;7.023;59.282;
2015-08-04;00:00;1.732;57.530;
2015-08-04;00:06;15.665;57.257;
2015-08-04;00:12;15.945;57.083;
2015-08-04;00:18;18.527;57.638;
2015-08-04;00:24;19.495;58.138;
2015-08-04;00:30;19.987;58.562;
2015-08-04;00:36;21.875;59.398;
2015-08-04;00:42;18.917;60.753;
2015-08-04;00:48;8.668;61.383;
2015-08-04;00:54;10.262;61.883;0.000
2015-08-04;01:00;6.155;62.722;0.000
2015-08-04;01:06;-16.100;63.520;0.000
2015-08-04;01:12;-30.450;64.290;0.000
2015-08-04;01:18;-34.200;64.913;0.000
2015-08-04;01:24;-47.150;65.245;0.000
2015-08-04;01:30;-48.890;65.648;0.000
2015-08-04;01:36;-48.982;65.823;0.000
2015-08-04;01:42;-49.042;65.892;0.000
2015-08-04;01:48;-48.985;65.700;0.000
2015-08-04;01:54;-48.827;65.723;0.000
2015-08-04;02:00;-48.392;65.947;0.000
2015-08-04;02:06;-47.730;65.952;0.000
2015-08-04;02:12;-48.223;65.728;0.000
2015-08-04;02:18;-48.113;65.722;0.000
2015-08-04;02:24;-47.878;65.725;0.000
2015-08-04;02:30;-47.490;66.047;0.000
2015-08-04;02:36;-46.405;65.942;0.000
2015-08-04;02:42;-47.338;65.420;0.000
2015-08-04;02:48;-47.470;65.473;0.000
2015-08-04;02:54;-48.158;66.028;0.000
2015-08-04;03:00;-48.445;66.002;0.000
2015-08-04;03:06;-48.397;66.427;0.000
2015-08-04;03:12;-48.440;66.740;0.000
2015-08-04;03:18;-48.137;66.922;0.000
2015-08-04;03:24;-48.318;67.178;0.000
2015-08-04;03:30;-48.327;67.162;0.000
2015-08-04;03:36;-48.500;67.098;0.000
2015-08-04;03:42;-48.530;67.325;0.000
2015-08-04;03:48;-48.452;68.273;0.000
2015-08-04;03:54;-48.798;69.350;0.000
2015-08-04;04:00;-49.188;69.872;0.000
2015-08-04;04:06;-49.447;69.628;0.000
2015-08-04;04:12;-48.583;69.433;0.000
2015-08-04;04:18;-48.328;68.945;0.000
2015-08-04;04:24;-48.830;68.862;0.000
2015-08-04;04:30;-49.712;68.473;0.000
2015-08-04;04:36;-49.768;68.738;0.000
2015-08-04;04:42;-49.680;68.642;0.000
2015-08-04;04:48;-48.692;68.778;0.000
2015-08-04;04:54;-44.737;68.438;0.000
2015-08-04;05:00;-44.598;69.092;0.000
2015-08-04;05:06;-45.618;69.325;0.000
2015-08-04;05:12;-45.202;69.478;0.000
2015-08-04;05:18;-45.203;69.280;0.000
2015-08-04;05:24;-45.992;69.112;0.000
2015-08-04;05:30;-45.092;69.407;0.000
2015-08-04;05:36;-45.500;69.817;0.000
2015-08-04;05:42;-46.148;69.582;0.000
2015-08-04;05:48;-46.017;70.057;0.000
2015-08-04;05:54;-45.090;70.227;0.000
2015-08-04;06:00;-45.608;70.582;0.000
2015-08-04;06:06;-45.707;70.462;2.000
2015-08-04;06:12;-44.797;70.257;5.000
2015-08-04;06:18;-45.275;69.968;11.500
2015-08-04;06:24;-45.115;70.110;20.000
2015-08-04;06:30;-43.740;70.258;27.167
2015-08-04;06:36;-43.662;70.107;34.500
2015-08-04;06:42;-42.865;69.817;39.667
2015-08-04;06:48;-43.707;69.745;43.667
2015-08-04;06:54;-45.613;69.878;52.333
2015-08-04;07:00;-45.752;69.587;80.500
2015-08-04;07:06;-45.485;69.235;112.167
2015-08-04;07:12;-45.193;68.757;135.833
2015-08-04;07:18;-45.943;68.665;153.833
2015-08-04;07:24;-45.332;68.158;180.667
2015-08-04;07:30;-45.280;66.507;181.667
2015-08-04;07:36;-45.350;65.302;219.000
2015-08-04;07:42;-44.437;64.103;247.333
2015-08-04;07:48;-44.607;65.802;272.500
2015-08-04;07:54;-47.443;66.265;288.167
2015-08-04;08:00;-49.197;64.780;253.000
2015-08-04;08:06;-46.782;63.213;353.500
2015-08-04;08:12;-48.183;62.460;382.833
2015-08-04;08:18;-49.713;63.968;407.333
2015-08-04;08:24;-49.908;62.588;442.333
2015-08-04;08:30;-49.958;62.443;477.500
2015-08-04;08:36;-49.995;61.640;503.833
2015-08-04;08:42;-49.995;60.580;538.333
2015-08-04;08:48;-49.997;59.470;553.333
2015-08-04;08:54;-49.980;59.950;487.333
2015-08-04;09:00;-49.877;58.878;534.167
2015-08-04;09:06;-49.412;57.995;583.667
2015-08-04;09:12;-3.115;59.560;671.000
2015-08-04;09:18;24.813;60.097;653.500
2015-08-04;09:24;26.410;59.125;638.833
2015-08-04;09:30;27.025;57.782;693.000
2015-08-04;09:36;27.677;56.823;667.167
2015-08-04;09:42;27.867;56.588;582.500
2015-08-04;09:48;27.953;56.283;688.667
2015-08-04;09:54;27.855;56.013;762.500
2015-08-04;10:00;27.537;56.700;715.500
2015-08-04;10:06;27.620;56.453;885.333
2015-08-04;10:12;28.625;53.213;944.000
2015-08-04;10:18;29.527;50.840;763.333
2015-08-04;10:24;29.122;51.563;865.167
2015-08-04;10:30;28.835;52.360;1019.000
2015-08-04;10:36;28.902;52.312;915.667
2015-08-04;10:42;28.732;51.032;886.333
2015-08-04;10:48;28.908;49.308;1025.167
2015-08-04;10:54;29.390;48.883;757.167
2015-08-04;11:00;29.187;49.728;610.667
2015-08-04;11:06;28.853;50.668;910.000
2015-08-04;11:12;29.362;49.637;1134.000
2015-08-04;11:18;29.913;48.773;919.833
2015-08-04;11:24;29.183;50.188;777.167
2015-08-04;11:30;29.185;50.905;1140.500
2015-08-04;11:36;29.195;50.905;1206.500
2015-08-04;11:42;29.738;49.335;1195.833
2015-08-04;11:48;29.527;50.607;1180.167
2015-08-04;11:54;29.208;51.927;1175.167
2015-08-04;12:00;29.560;50.818;1240.333
2015-08-04;12:06;30.025;49.028;1235.333
2015-08-04;12:12;30.072;49.185;1190.833
2015-08-04;12:18;30.602;47.060;1275.000
2015-08-04;12:24;31.205;46.162;1338.667
2015-08-04;12:30;30.478;47.487;683.167
2015-08-04;12:36;29.802;48.855;556.667
2015-08-04;12:42;29.833;48.547;483.500
2015-08-04;12:48;29.875;48.430;493.833
2015-08-04;12:54;30.293;48.267;574.500
2015-08-04;13:00;30.670;47.795;487.167
2015-08-04;13:06;30.130;48.785;391.500
2015-08-04;13:12;29.970;49.562;302.333
2015-08-04;13:18;30.060;49.353;292.833
2015-08-04;13:24;29.973;49.752;335.667
2015-08-04;13:30;29.698;49.878;431.500
2015-08-04;13:36;29.670;49.645;507.833
2015-08-04;13:42;29.723;49.295;494.833
2015-08-04;13:48;29.815;50.445;385.667
2015-08-04;13:54;29.515;51.592;332.833
2015-08-04;14:00;29.033;52.107;304.167
2015-08-04;14:06;29.010;52.208;325.500
2015-08-04;14:12;29.092;52.130;338.000
2015-08-04;14:18;28.882;52.277;322.500
2015-08-04;14:24;29.032;51.698;302.500
2015-08-04;14:30;29.232;50.768;319.000
2015-08-04;14:36;29.120;50.277;353.833
2015-08-04;14:42;29.012;50.357;367.667
2015-08-04;14:48;29.218;49.773;355.000
2015-08-04;14:54;29.315;49.758;456.167
2015-08-04;15:00;29.617;49.180;589.833
2015-08-04;15:06;29.572;49.547;491.500
2015-08-04;15:12;29.548;49.788;500.500
2015-08-04;15:18;29.467;50.468;508.500
2015-08-04;15:24;29.418;51.067;476.333
2015-08-04;15:30;29.788;51.138;762.333
2015-08-04;15:36;30.073;50.778;803.000
2015-08-04;15:42;30.040;51.782;777.000
2015-08-04;15:48;30.165;51.015;929.833
2015-08-04;15:54;30.780;49.450;842.333
2015-08-04;16:00;30.620;49.205;1071.333
2015-08-04;16:06;30.695;48.290;871.667
2015-08-04;16:12;30.602;47.538;717.500
2015-08-04;16:18;30.448;46.545;771.833
2015-08-04;16:24;31.207;44.403;824.167
2015-08-04;16:30;31.055;45.267;671.500
2015-08-04;16:36;31.097;44.868;643.167
2015-08-04;16:42;31.605;43.752;613.833
2015-08-04;16:48;31.740;43.360;836.333
2015-08-04;16:54;31.382;43.427;774.500
2015-08-04;17:00;31.773;41.740;837.833
2015-08-04;17:06;31.455;43.148;695.667
2015-08-04;17:12;31.277;44.995;398.833
2015-08-04;17:18;31.042;46.253;618.000
2015-08-04;17:24;31.442;45.430;659.167
2015-08-04;17:30;31.553;44.307;340.167
2015-08-04;17:36;31.347;43.028;536.333
2015-08-04;17:42;32.097;40.653;724.000
2015-08-04;17:48;32.515;40.002;329.833
2015-08-04;17:54;31.715;41.743;302.667
2015-08-04;18:00;31.507;42.205;287.833
2015-08-04;18:06;31.443;42.343;253.667
2015-08-04;18:12;31.512;42.412;373.500
2015-08-04;18:18;31.688;43.000;432.500
2015-08-04;18:24;31.807;42.582;282.833
2015-08-04;18:30;31.308;43.747;289.833
2015-08-04;18:36;31.850;42.890;436.000
2015-08-04;18:42;31.510;43.838;205.333
2015-08-04;18:48;31.725;43.145;141.333
2015-08-04;18:54;31.663;42.857;133.167
2015-08-04;19:00;31.638;42.782;277.000
2015-08-04;19:06;32.073;41.925;267.667
2015-08-04;19:12;31.595;42.318;242.667
2015-08-04;19:18;31.465;42.892;219.333
2015-08-04;19:24;31.668;43.742;193.500
2015-08-04;19:30;31.622;43.797;171.167
2015-08-04;19:36;31.277;44.188;146.167
2015-08-04;19:42;31.225;44.782;121.667
2015-08-04;19:48;30.827;46.982;92.667
2015-08-04;19:54;30.897;46.355;77.833
2015-08-04;20:00;30.983;45.523;65.833
2015-08-04;20:06;30.770;46.967;52.833
2015-08-04;20:12;30.632;46.903;38.000
2015-08-04;20:18;30.430;47.943;26.333
2015-08-04;20:24;29.767;48.755;16.667
2015-08-04;20:30;29.195;49.307;9.000
2015-08-04;20:36;29.912;49.562;3.833
2015-08-04;20:42;29.755;49.805;0.333
2015-08-04;20:48;29.687;50.118;0.000
2015-08-04;20:54;29.687;50.230;0.000
2015-08-04;21:00;29.633;50.262;0.000
2015-08-04;21:06;29.558;50.478;0.000
2015-08-04;21:12;29.502;50.842;0.000
2015-08-04;21:18;29.418;51.283;0.000
2015-08-04;21:24;29.392;51.673;0.000
2015-08-04;21:30;29.372;51.932;0.000
2015-08-04;21:36;29.267;52.510;0.000
2015-08-04;21:42;29.218;52.388;0.000
2015-08-04;21:48;29.322;51.838;0.000
2015-08-04;21:54;29.245;52.658;0.000
2015-08-04;22:00;29.147;53.782;0.000
2015-08-04;22:06;29.078;54.257;0.000
2015-08-04;22:12;29.092;54.368;0.000
2015-08-04;22:18;29.095;54.450;0.000
2015-08-04;22:24;29.023;54.773;0.000
2015-08-04;22:30;28.393;55.062;0.000
2015-08-04;22:36;27.608;54.927;0.000
2015-08-04;22:42;27.815;55.043;0.000
2015-08-04;22:48;28.237;55.038;0.000
2015-08-04;22:54;28.353;55.170;0.000
2015-08-04;23:00;28.297;55.585;
2015-08-04;23:06;28.303;55.400;
2015-08-04;23:12;28.248;55.408;
2015-08-04;23:18;28.195;54.873;
2015-08-04;23:24;28.160;54.903;
2015-08-04;23:30;28.115;55.180;
2015-08-04;23:36;28.125;55.525;
2015-08-04;23:42;28.072;55.790;
2015-08-04;23:48;27.923;56.408;
2015-08-04;23:54;15.108;58.222;
2015-08-05;00:00;27.770;57.225;
2015-08-05;00:06;27.683;57.598;
2015-08-05;00:12;27.628;57.697;
2015-08-05;00:18;27.523;58.033;
2015-08-05;00:24;27.463;58.178;
2015-08-05;00:30;27.415;58.493;
2015-08-05;00:36;27.307;58.920;
2015-08-05;00:42;27.283;58.923;
2015-08-05;00:48;27.233;59.507;
2015-08-05;00:54;27.185;59.733;0.000
2015-08-05;01:00;27.258;59.707;0.000
2015-08-05;01:06;27.212;60.047;0.000
2015-08-05;01:12;27.125;60.562;0.000
2015-08-05;01:18;26.958;61.608;0.000
2015-08-05;01:24;26.762;62.872;0.000
2015-08-05;01:30;26.630;64.003;0.000
2015-08-05;01:36;26.407;65.195;0.000
2015-08-05;01:42;26.308;65.865;0.000
2015-08-05;01:48;26.177;66.548;0.000
2015-08-05;01:54;26.055;67.072;0.000
2015-08-05;02:00;26.015;67.177;0.000
2015-08-05;02:06;25.855;67.815;0.000
2015-08-05;02:12;25.735;68.350;0.000
2015-08-05;02:18;25.715;68.405;0.000
2015-08-05;02:24;25.685;68.540;0.000
2015-08-05;02:30;25.632;68.773;0.000
2015-08-05;02:36;25.552;68.963;0.000
2015-08-05;02:42;25.425;69.195;0.000
2015-08-05;02:48;25.268;69.125;0.000
2015-08-05;02:54;25.135;69.207;0.000
2015-08-05;03:00;24.938;69.292;0.000
2015-08-05;03:06;8.910;69.185;0.000
2015-08-05;03:12;-8.540;69.095;0.000
2015-08-05;03:18;-5.203;69.148;0.000
2015-08-05;03:24;-4.732;69.237;0.000
2015-08-05;03:30;-10.257;69.118;0.000
2015-08-05;03:36;-17.033;69.105;0.000
2015-08-05;03:42;-27.452;69.075;0.000
2015-08-05;03:48;-26.997;69.183;0.000
2015-08-05;03:54;-30.348;69.162;0.000
2015-08-05;04:00;-38.565;69.238;0.000
2015-08-05;04:06;-43.378;69.580;0.000
2015-08-05;04:12;-49.050;69.943;0.000
2015-08-05;04:18;-49.422;70.972;0.000
2015-08-05;04:24;-49.533;70.627;0.000
2015-08-05;04:30;-48.907;70.253;0.000
2015-08-05;04:36;-48.852;70.258;0.000
2015-08-05;04:42;-48.902;70.632;0.000
2015-08-05;04:48;-49.143;71.005;0.000
2015-08-05;04:54;-49.236;71.376;0.000
2015-08-05;05:00;;;0.000
2015-08-05;05:06;;;0.000
2015-08-05;05:12;;;0.000
2015-08-05;05:18;;;0.000
2015-08-05;05:24;;;0.000
2015-08-05;05:30;;;0.000
2015-08-05;05:36;;;0.000
2015-08-05;05:42;;;0.000
2015-08-05;05:48;;;0.000
2015-08-05;05:54;-48.210;72.800;0.000
2015-08-05;06:00;-48.817;72.835;0.000
2015-08-05;06:06;-49.055;72.527;0.000
2015-08-05;06:12;-48.945;72.307;2.000
2015-08-05;06:18;-48.950;71.980;6.667
2015-08-05;06:24;;;12.667
2015-08-05;06:30;;;19.000
2015-08-05;06:36;;;26.833
2015-08-05;06:42;;;34.167
2015-08-05;06:48;;;41.667
2015-08-05;06:54;-46.920;69.150;51.000
2015-08-05;07:00;-46.262;68.778;69.333
2015-08-05;07:06;-46.217;68.607;94.833
2015-08-05;07:12;-45.642;68.648;114.500
2015-08-05;07:18;-45.978;68.282;135.167
2015-08-05;07:24;-46.338;67.860;155.167
2015-08-05;07:30;-46.128;68.600;173.333
2015-08-05;07:36;-46.210;68.073;198.667
2015-08-05;07:42;-46.047;67.240;216.667
2015-08-05;07:48;-45.517;66.162;239.167
2015-08-05;07:54;-44.938;65.130;232.000
2015-08-05;08:00;-44.752;66.163;201.167
2015-08-05;08:06;-44.680;65.738;312.167
2015-08-05;08:12;-44.828;64.650;339.000
2015-08-05;08:18;-46.748;63.752;362.500
2015-08-05;08:24;-46.545;64.220;386.500
2015-08-05;08:30;-47.228;63.603;414.000
2015-08-05;08:36;-48.962;62.673;438.833
2015-08-05;08:42;-48.932;60.618;469.833
2015-08-05;08:48;-48.360;60.220;493.667
2015-08-05;08:54;-47.865;60.035;525.667
2015-08-05;09:00;-46.823;59.340;549.000
2015-08-05;09:06;-46.080;57.797;574.167
2015-08-05;09:12;-47.928;57.335;607.167
2015-08-05;09:18;-48.645;56.273;639.333
2015-08-05;09:24;-48.248;55.390;667.000
2015-08-05;09:30;-46.988;55.800;686.000
2015-08-05;09:36;-46.778;55.652;711.333
2015-08-05;09:42;-46.138;55.132;732.000
2015-08-05;09:48;-47.758;55.383;755.667
2015-08-05;09:54;-48.953;55.510;784.167
2015-08-05;10:00;-49.533;55.810;805.333
2015-08-05;10:06;-49.440;55.483;824.167
2015-08-05;10:12;-49.633;55.777;848.167
2015-08-05;10:18;-49.820;54.303;871.333
2015-08-05;10:24;-33.225;55.722;890.333
2015-08-05;10:30;-6.842;55.375;915.000
2015-08-05;10:36;2.715;54.817;943.333
2015-08-05;10:42;19.777;54.625;962.167
2015-08-05;10:48;26.827;54.317;982.833
2015-08-05;10:54;28.340;55.040;1001.667
2015-08-05;11:00;28.982;54.603;1019.667
2015-08-05;11:06;29.000;54.942;1033.500
2015-08-05;11:12;29.683;53.265;1038.500
2015-08-05;11:18;29.020;55.123;1060.500
2015-08-05;11:24;29.283;55.308;1068.167
2015-08-05;11:30;29.602;54.537;1083.167
2015-08-05;11:36;29.402;55.185;1103.833
2015-08-05;11:42;29.732;54.192;1116.000
2015-08-05;11:48;29.592;54.425;1121.500
2015-08-05;11:54;29.908;53.916;1134.667
2015-08-05;12:00;;;1154.000
2015-08-05;12:06;;;1173.333
2015-08-05;12:12;;;1205.000
2015-08-05;12:18;;;1199.000
2015-08-05;12:24;;;1211.500
2015-08-05;12:30;;;1212.667
2015-08-05;12:36;;;1222.333
2015-08-05;12:42;;;1222.667
2015-08-05;12:48;;;1239.000
2015-08-05;12:54;30.790;48.490;1257.500
2015-08-05;13:00;31.195;47.432;1230.667
2015-08-05;13:06;31.148;46.137;1222.667
2015-08-05;13:12;31.438;43.998;1268.667
2015-08-05;13:18;31.502;45.427;1255.833
2015-08-05;13:24;31.794;45.266;1258.167
2015-08-05;13:30;;;1282.000
2015-08-05;13:36;;;1264.667
2015-08-05;13:42;;;1234.833
2015-08-05;13:48;;;1263.000
2015-08-05;13:54;32.430;42.530;1276.333
2015-08-05;14:00;32.787;41.642;1264.333
2015-08-05;14:06;31.958;42.837;1254.500
2015-08-05;14:12;32.193;42.385;1234.667
2015-08-05;14:18;32.370;41.918;1244.667
2015-08-05;14:24;32.642;41.113;1242.167
2015-08-05;14:30;32.710;40.630;1222.333
2015-08-05;14:36;;;1172.667
2015-08-05;14:42;;;1170.167
2015-08-05;14:48;;;929.833
2015-08-05;14:54;32.680;40.020;1164.667
2015-08-05;15:00;32.397;40.238;1177.333
2015-08-05;15:06;32.598;39.430;1146.833
2015-08-05;15:12;33.840;37.653;1123.833
2015-08-05;15:18;32.768;39.165;1108.000
2015-08-05;15:24;32.692;39.560;1107.500
2015-08-05;15:30;32.973;39.260;1118.333
2015-08-05;15:36;33.317;38.298;1122.500
2015-08-05;15:42;32.943;39.247;1094.167
2015-08-05;15:48;33.090;39.123;1068.000
2015-08-05;15:54;33.168;38.883;1056.167
2015-08-05;16:00;33.133;39.157;1040.500
2015-08-05;16:06;33.042;39.342;1008.500
2015-08-05;16:12;33.362;38.388;981.500
2015-08-05;16:18;33.348;38.857;947.000
2015-08-05;16:24;33.087;39.310;950.667
2015-08-05;16:30;33.225;38.872;941.833
2015-08-05;16:36;33.412;38.933;888.167
2015-08-05;16:42;32.823;39.707;890.000
2015-08-05;16:48;32.862;39.505;863.833
2015-08-05;16:54;32.902;39.577;835.500
2015-08-05;17:00;33.475;38.522;825.833
2015-08-05;17:06;33.028;40.123;793.667
2015-08-05;17:12;33.013;39.845;760.167
2015-08-05;17:18;33.312;39.130;742.833
2015-08-05;17:24;33.042;39.305;723.833
2015-08-05;17:30;33.307;38.808;693.667
2015-08-05;17:36;33.733;37.742;667.333
2015-08-05;17:42;33.375;38.775;645.500
2015-08-05;17:48;33.463;38.910;620.500
2015-08-05;17:54;33.252;39.715;587.833
2015-08-05;18:00;33.100;40.055;568.333
2015-08-05;18:06;33.233;39.860;529.500
2015-08-05;18:12;33.125;39.325;508.167
2015-08-05;18:18;33.048;39.532;472.500
2015-08-05;18:24;33.100;39.138;460.833
2015-08-05;18:30;33.270;38.967;424.167
2015-08-05;18:36;33.202;39.643;400.667
2015-08-05;18:42;32.985;40.158;207.000
2015-08-05;18:48;32.935;40.295;102.167
2015-08-05;18:54;32.795;40.067;110.500
2015-08-05;19:00;32.922;39.820;271.500
2015-08-05;19:06;32.858;39.662;262.000
2015-08-05;19:12;32.812;39.558;233.333
2015-08-05;19:18;32.320;39.745;210.833
2015-08-05;19:24;-23.188;40.725;188.333
2015-08-05;19:30;-47.145;41.083;167.667
2015-08-05;19:36;-49.997;40.742;146.167
2015-08-05;19:42;-49.997;41.075;128.333
2015-08-05;19:48;-49.977;41.833;107.167
2015-08-05;19:54;-49.952;41.978;88.167
2015-08-05;20:00;-49.945;42.295;67.333
2015-08-05;20:06;-49.990;42.295;51.667
2015-08-05;20:12;-49.993;42.848;35.667
2015-08-05;20:18;-49.950;43.408;21.667
2015-08-05;20:24;-35.012;43.463;13.167
2015-08-05;20:30;27.185;43.483;7.000
2015-08-05;20:36;31.718;43.322;2.333
2015-08-05;20:42;31.618;43.537;0.000
2015-08-05;20:48;31.422;44.223;0.000
2015-08-05;20:54;31.205;45.112;0.000
2015-08-05;21:00;31.063;45.745;0.000
2015-08-05;21:06;31.065;45.945;0.000
2015-08-05;21:12;31.290;45.470;0.000
2015-08-05;21:18;31.272;45.793;0.000
2015-08-05;21:24;31.092;46.563;0.000
2015-08-05;21:30;30.748;47.645;0.000
2015-08-05;21:36;30.467;48.548;0.000
2015-08-05;21:42;30.248;49.402;0.000
2015-08-05;21:48;30.607;48.525;0.000
2015-08-05;21:54;30.772;48.290;0.000
2015-08-05;22:00;30.553;49.082;0.000
2015-08-05;22:06;30.515;49.322;0.000
2015-08-05;22:12;30.208;50.075;0.000
2015-08-05;22:18;29.878;49.785;0.000
2015-08-05;22:24;-5.895;49.970;0.000
2015-08-05;22:30;-16.147;49.962;0.000
2015-08-05;22:36;-7.697;50.555;0.000
2015-08-05;22:42;-7.813;50.800;0.000
2015-08-05;22:48;-3.427;51.345;0.000
2015-08-05;22:54;-2.260;51.102;0.000
2015-08-05;23:00;-1.970;50.677;
2015-08-05;23:06;-2.778;51.068;
2015-08-05;23:12;-2.390;50.897;
2015-08-05;23:18;-5.038;51.072;
2015-08-05;23:24;-6.325;51.617;
2015-08-05;23:30;-6.718;51.393;
2015-08-05;23:36;-5.403;52.078;
2015-08-05;23:42;-4.312;52.555;
2015-08-05;23:48;-4.527;52.788;
2015-08-05;23:54;0.535;55.208;
2015-08-06;00:00;-4.137;53.477;
2015-08-06;00:06;-4.720;54.050;
2015-08-06;00:12;-3.355;54.132;
2015-08-06;00:18;17.385;55.020;
2015-08-06;00:24;27.308;55.342;
2015-08-06;00:30;28.047;55.570;
2015-08-06;00:36;28.213;55.387;
2015-08-06;00:42;27.967;56.597;
2015-08-06;00:48;27.637;56.292;
2015-08-06;00:54;24.705;56.155;0.000
2015-08-06;01:00;-6.335;56.545;0.000
2015-08-06;01:06;-26.448;56.340;0.000
2015-08-06;01:12;-34.557;56.905;0.000
2015-08-06;01:18;-44.607;57.428;0.000
2015-08-06;01:24;-47.603;57.417;0.000
2015-08-06;01:30;-48.675;57.890;0.000
2015-08-06;01:36;-48.843;57.693;0.000
2015-08-06;01:42;-48.922;57.482;0.000
2015-08-06;01:48;-48.883;57.567;0.000
2015-08-06;01:54;-48.918;57.908;0.000
2015-08-06;02:00;-48.965;58.155;0.000
2015-08-06;02:06;-49.053;58.492;0.000
2015-08-06;02:12;-49.175;59.360;0.000
2015-08-06;02:18;-48.718;61.212;0.000
2015-08-06;02:24;-46.393;61.733;0.000
2015-08-06;02:30;-45.552;62.145;0.000
2015-08-06;02:36;-42.905;62.330;0.000
2015-08-06;02:42;-45.633;62.620;0.000
2015-08-06;02:48;-48.262;62.615;0.000
2015-08-06;02:54;-48.728;62.652;0.000
2015-08-06;03:00;-48.380;62.608;0.000
2015-08-06;03:06;-48.020;62.365;0.000
2015-08-06;03:12;-48.242;61.493;0.000
2015-08-06;03:18;-48.417;61.052;0.000
2015-08-06;03:24;-48.042;61.152;0.000
2015-08-06;03:30;-48.268;61.750;0.000
2015-08-06;03:36;-48.232;61.595;0.000
2015-08-06;03:42;-48.190;61.433;0.000
2015-08-06;03:48;-48.190;61.445;0.000
2015-08-06;03:54;-48.162;61.812;0.000
2015-08-06;04:00;-48.110;62.117;0.000
2015-08-06;04:06;-48.572;62.188;0.000
2015-08-06;04:12;-48.083;62.502;0.000
2015-08-06;04:18;-47.635;62.467;0.000
2015-08-06;04:24;-47.638;63.208;0.000
2015-08-06;04:30;-47.983;63.873;0.000
2015-08-06;04:36;-48.048;63.940;0.000
2015-08-06;04:42;-48.285;63.810;0.000
2015-08-06;04:48;-47.885;64.373;0.000
2015-08-06;04:54;-48.092;64.692;0.000
2015-08-06;05:00;-48.107;64.343;0.000
2015-08-06;05:06;-48.177;64.168;0.000
2015-08-06;05:12;-48.252;63.893;0.000
2015-08-06;05:18;-48.317;63.865;0.000
2015-08-06;05:24;-48.148;63.850;0.000
2015-08-06;05:30;-48.290;63.937;0.000
2015-08-06;05:36;-48.100;63.867;0.000
2015-08-06;05:42;-48.480;64.058;0.000
2015-08-06;05:48;-48.357;64.023;0.000
2015-08-06;05:54;-48.018;63.987;0.000
2015-08-06;06:00;-47.640;64.185;0.000
2015-08-06;06:06;-47.643;64.107;0.000
2015-08-06;06:12;-47.868;64.187;2.667
2015-08-06;06:18;-47.638;64.062;7.667
2015-08-06;06:24;-47.657;64.317;14.333
2015-08-06;06:30;-47.408;64.523;21.000
2015-08-06;06:36;-47.143;64.480;28.667
2015-08-06;06:42;-46.585;63.815;36.667
2015-08-06;06:48;-46.675;63.498;44.667
2015-08-06;06:54;-47.388;63.082;52.500
2015-08-06;07:00;-47.033;62.150;73.667
2015-08-06;07:06;-46.742;62.308;104.167
2015-08-06;07:12;-47.515;61.960;122.833
2015-08-06;07:18;-47.430;61.685;142.167
2015-08-06;07:24;-47.563;61.485;161.167
2015-08-06;07:30;-47.430;60.923;176.333
2015-08-06;07:36;-47.447;60.750;195.000
2015-08-06;07:42;-47.763;59.738;216.833
2015-08-06;07:48;-48.178;59.380;242.500
2015-08-06;07:54;-48.497;58.483;201.667
2015-08-06;08:00;-49.057;58.432;175.833
2015-08-06;08:06;-49.227;56.028;315.500
2015-08-06;08:12;-49.517;57.477;338.500
2015-08-06;08:18;-49.567;57.820;365.833
2015-08-06;08:24;-49.753;55.857;393.000
2015-08-06;08:30;-49.907;55.748;413.667
2015-08-06;08:36;-49.888;56.210;442.667
2015-08-06;08:42;-49.935;53.810;466.667
2015-08-06;08:48;-49.788;53.340;489.000
2015-08-06;08:54;-23.622;51.563;518.000
2015-08-06;09:00;22.222;51.150;542.667
2015-08-06;09:06;27.240;50.882;560.667
2015-08-06;09:12;28.715;48.890;589.667
2015-08-06;09:18;29.010;49.532;619.000
2015-08-06;09:24;28.845;49.258;644.000
2015-08-06;09:30;29.467;48.130;666.000
2015-08-06;09:36;29.905;46.887;693.000
2015-08-06;09:42;29.428;48.517;720.667
2015-08-06;09:48;29.213;49.487;745.833
2015-08-06;09:54;29.603;48.572;771.333
2015-08-06;10:00;29.993;46.943;794.833
2015-08-06;10:06;30.370;45.918;821.333
2015-08-06;10:12;30.240;46.057;851.833
2015-08-06;10:18;30.123;46.142;873.167
2015-08-06;10:24;30.312;45.912;892.667
2015-08-06;10:30;30.057;46.377;920.167
2015-08-06;10:36;30.197;46.297;941.333
2015-08-06;10:42;29.817;46.883;959.667
2015-08-06;10:48;30.865;44.482;979.000
2015-08-06;10:54;30.992;44.467;999.000
2015-08-06;11:00;31.123;44.417;1007.667
2015-08-06;11:06;31.138;44.097;1027.833
2015-08-06;11:12;31.185;43.693;1040.500
2015-08-06;11:18;31.585;43.478;1064.000
2015-08-06;11:24;31.502;43.818;1083.833
2015-08-06;11:30;32.080;42.017;1107.167
2015-08-06;11:36;31.607;42.837;1114.167
2015-08-06;11:42;32.365;41.238;1127.000
2015-08-06;11:48;32.465;41.848;1140.333
2015-08-06;11:54;32.482;41.633;1141.167
2015-08-06;12:00;32.350;42.132;1153.667
2015-08-06;12:06;32.643;40.972;1174.500
2015-08-06;12:12;32.838;40.535;1171.167
2015-08-06;12:18;32.335;41.750;1180.167
2015-08-06;12:24;32.637;40.718;1182.000
2015-08-06;12:30;32.337;41.295;1184.333
2015-08-06;12:36;32.372;40.957;1194.167
2015-08-06;12:42;32.867;40.323;1222.000
2015-08-06;12:48;32.717;40.692;1231.167
2015-08-06;12:54;32.867;40.062;1236.167
2015-08-06;13:00;33.412;38.890;1235.667
2015-08-06;13:06;33.122;39.732;1250.000
2015-08-06;13:12;32.968;40.353;1191.167
2015-08-06;13:18;33.477;39.243;1240.667
2015-08-06;13:24;33.283;39.685;1238.667
2015-08-06;13:30;33.263;39.662;1222.000
2015-08-06;13:36;32.935;40.125;1235.000
2015-08-06;13:42;32.698;40.867;1208.333
2015-08-06;13:48;33.155;39.775;1197.000
2015-08-06;13:54;33.943;38.592;1215.333
2015-08-06;14:00;34.125;37.897;1215.833
2015-08-06;14:06;33.577;39.313;1207.000
2015-08-06;14:12;33.635;39.025;1206.167
2015-08-06;14:18;33.950;38.722;1220.500
2015-08-06;14:24;33.502;39.098;1190.833
2015-08-06;14:30;33.688;38.757;1208.500
2015-08-06;14:36;34.285;37.157;1199.000
2015-08-06;14:42;34.092;37.603;1187.667
2015-08-06;14:48;34.390;36.952;1180.000
2015-08-06;14:54;34.643;36.253;1169.500
2015-08-06;15:00;33.922;37.442;1148.833
2015-08-06;15:06;34.013;37.170;1158.500
2015-08-06;15:12;34.695;36.075;1138.667
2015-08-06;15:18;34.010;37.470;1118.500
2015-08-06;15:24;34.013;37.363;1120.167
2015-08-06;15:30;34.775;36.232;1106.833
2015-08-06;15:36;34.690;36.352;1089.000
2015-08-06;15:42;34.990;35.983;1074.167
2015-08-06;15:48;34.580;36.167;1048.167
2015-08-06;15:54;35.038;35.125;1033.667
2015-08-06;16:00;34.807;35.657;1024.333
2015-08-06;16:06;34.730;35.302;1002.000
2015-08-06;16:12;35.218;35.160;978.833
2015-08-06;16:18;34.817;35.902;961.667
2015-08-06;16:24;34.615;35.840;947.833
2015-08-06;16:30;34.915;35.373;922.333
2015-08-06;16:36;34.892;35.130;857.333
2015-08-06;16:42;34.815;35.433;813.167
2015-08-06;16:48;35.243;33.703;835.667
2015-08-06;16:54;34.877;34.090;832.000
2015-08-06;17:00;35.193;33.692;803.167
2015-08-06;17:06;35.018;33.770;769.667
2015-08-06;17:12;35.093;33.678;750.833
2015-08-06;17:18;34.697;33.668;736.333
2015-08-06;17:24;34.538;33.663;712.167
2015-08-06;17:30;34.668;33.180;685.500
2015-08-06;17:36;35.072;32.597;660.167
2015-08-06;17:42;35.270;32.327;630.167
2015-08-06;17:48;35.138;32.130;597.667
2015-08-06;17:54;35.158;32.403;574.000
2015-08-06;18:00;34.747;32.822;559.333
2015-08-06;18:06;34.722;32.512;533.500
2015-08-06;18:12;34.943;32.602;510.333
2015-08-06;18:18;35.137;31.950;485.500
2015-08-06;18:24;34.720;32.220;452.833
2015-08-06;18:30;35.080;31.562;419.167
2015-08-06;18:36;35.228;31.420;396.667
2015-08-06;18:42;34.892;32.145;156.667
2015-08-06;18:48;34.883;32.040;84.333
2015-08-06;18:54;34.755;32.097;86.667
2015-08-06;19:00;34.725;32.588;251.000
2015-08-06;19:06;34.417;33.975;263.667
2015-08-06;19:12;34.308;33.780;238.500
2015-08-06;19:18;33.922;33.688;218.667
2015-08-06;19:24;-24.990;34.612;194.833
2015-08-06;19:30;-49.922;35.265;169.667
2015-08-06;19:36;-49.932;35.467;147.667
2015-08-06;19:42;-49.882;36.350;128.833
2015-08-06;19:48;-49.965;37.103;109.833
2015-08-06;19:54;-49.950;37.985;88.500
2015-08-06;20:00;-45.230;38.478;69.333
2015-08-06;20:06;-48.152;37.773;43.833
2015-08-06;20:12;-19.293;38.688;30.333
2015-08-06;20:18;-1.078;38.957;18.333
2015-08-06;20:24;6.435;39.198;10.333
2015-08-06;20:30;5.435;39.587;3.833
2015-08-06;20:36;3.010;39.907;0.000
2015-08-06;20:42;0.038;40.250;0.000
2015-08-06;20:48;7.488;40.682;0.000
2015-08-06;20:54;16.713;41.102;0.000
2015-08-06;21:00;17.312;41.387;0.000
2015-08-06;21:06;15.415;41.503;0.000
2015-08-06;21:12;14.882;41.918;0.000
2015-08-06;21:18;15.330;41.732;0.000
2015-08-06;21:24;14.722;42.088;0.000
2015-08-06;21:30;15.280;42.070;0.000
2015-08-06;21:36;14.665;40.993;0.000
2015-08-06;21:42;10.685;40.838;0.000
2015-08-06;21:48;5.718;40.925;0.000
2015-08-06;21:54;5.808;41.692;0.000
2015-08-06;22:00;5.103;41.960;0.000
2015-08-06;22:06;5.230;42.245;0.000
2015-08-06;22:12;5.405;42.237;0.000
2015-08-06;22:18;5.420;42.345;0.000
2015-08-06;22:24;4.510;42.052;0.000
2015-08-06;22:30;1.397;42.392;0.000
2015-08-06;22:36;1.223;41.813;0.000
2015-08-06;22:42;0.795;42.048;0.000
2015-08-06;22:48;1.022;42.513;0.000
2015-08-06;22:54;1.110;45.325;0.000
2015-08-06;23:00;0.733;47.105;
2015-08-06;23:06;4.273;48.112;
2015-08-06;23:12;-0.190;48.532;
2015-08-06;23:18;-1.178;48.828;
2015-08-06;23:24;-5.233;48.947;
2015-08-06;23:30;-6.902;49.410;
2015-08-06;23:36;-6.093;48.912;
2015-08-06;23:42;-3.540;47.923;
2015-08-06;23:48;3.923;47.760;
2015-08-06;23:54;-0.473;49.218;
2015-08-07;00:00;9.520;46.872;
2015-08-07;00:06;5.225;47.098;
2015-08-07;00:12;2.830;47.885;
2015-08-07;00:18;3.218;48.932;
2015-08-07;00:24;4.255;48.977;
2015-08-07;00:30;4.848;48.853;
2015-08-07;00:36;1.882;49.443;
2015-08-07;00:42;1.188;49.928;
2015-08-07;00:48;-0.010;50.168;
2015-08-07;00:54;1.033;50.737;0.000
2015-08-07;01:00;-0.757;51.527;0.000
2015-08-07;01:06;-0.837;52.182;0.000
2015-08-07;01:12;0.402;52.902;0.000
2015-08-07;01:18;0.972;53.362;0.000
2015-08-07;01:24;1.888;53.852;0.000
2015-08-07;01:30;2.590;54.100;0.000
2015-08-07;01:36;3.083;54.030;0.000
2015-08-07;01:42;13.438;54.122;0.000
2015-08-07;01:48;4.163;54.217;0.000
2015-08-07;01:54;0.740;54.267;0.000
2015-08-07;02:00;5.717;54.693;0.000
2015-08-07;02:06;6.237;55.573;0.000
2015-08-07;02:12;-24.502;55.562;0.000
2015-08-07;02:18;-47.817;55.952;0.000
2015-08-07;02:24;-46.455;56.173;0.000
2015-08-07;02:30;-46.207;56.627;0.000
2015-08-07;02:36;-47.227;56.603;0.000
2015-08-07;02:42;-47.620;57.002;0.000
2015-08-07;02:48;-47.432;57.118;0.000
2015-08-07;02:54;-47.258;57.012;0.000
2015-08-07;03:00;-47.135;57.235;0.000
2015-08-07;03:06;-46.918;57.013;0.000
2015-08-07;03:12;-46.703;57.330;0.000
2015-08-07;03:18;-46.847;57.440;0.000
2015-08-07;03:24;-47.078;57.963;0.000
2015-08-07;03:30;-47.095;59.207;0.000
2015-08-07;03:36;-46.922;60.960;0.000
2015-08-07;03:42;-47.047;62.093;0.000
2015-08-07;03:48;-46.937;62.908;0.000
2015-08-07;03:54;-46.843;63.082;0.000
2015-08-07;04:00;-46.635;63.940;0.000
2015-08-07;04:06;-47.457;64.247;0.000
2015-08-07;04:12;-47.248;63.663;0.000
2015-08-07;04:18;-47.220;63.920;0.000
2015-08-07;04:24;-47.153;64.285;0.000
2015-08-07;04:30;-46.102;63.567;0.000
2015-08-07;04:36;-45.698;62.760;0.000
2015-08-07;04:42;-45.468;62.258;0.000
2015-08-07;04:48;-44.807;61.335;0.000
2015-08-07;04:54;-44.228;60.223;0.000
2015-08-07;05:00;-43.328;60.603;0.000
2015-08-07;05:06;-42.677;60.820;0.000
2015-08-07;05:12;-42.868;60.778;0.000
2015-08-07;05:18;-43.207;60.398;0.000
2015-08-07;05:24;-43.155;59.862;0.000
2015-08-07;05:30;-43.738;59.815;0.000
2015-08-07;05:36;-43.703;60.000;0.000
2015-08-07;05:42;-44.035;60.298;0.000
2015-08-07;05:48;-42.832;60.933;0.000
2015-08-07;05:54;-43.078;61.708;0.000
2015-08-07;06:00;-43.723;61.975;0.000
2015-08-07;06:06;-43.247;61.540;0.000
2015-08-07;06:12;-41.243;61.152;1.333
2015-08-07;06:18;-28.662;61.493;5.333
2015-08-07;06:24;-15.163;61.120;11.667
2015-08-07;06:30;-14.280;60.778;16.000
2015-08-07;06:36;-9.293;60.505;23.167
2015-08-07;06:42;-15.287;60.132;30.833
2015-08-07;06:48;-13.307;59.628;37.333
2015-08-07;06:54;-11.092;59.385;44.833
2015-08-07;07:00;-9.630;58.733;67.667
2015-08-07;07:06;-9.753;57.972;95.500
2015-08-07;07:12;-8.453;57.977;113.500
2015-08-07;07:18;-5.898;57.682;130.667
2015-08-07;07:24;-3.958;56.923;151.833
2015-08-07;07:30;-6.768;56.847;172.000
2015-08-07;07:36;-8.705;55.503;193.500
2015-08-07;07:42;-5.408;54.995;214.000
2015-08-07;07:48;-6.838;53.555;237.667
2015-08-07;07:54;-13.797;52.917;165.333
2015-08-07;08:00;-45.420;52.140;158.500
2015-08-07;08:06;-47.987;53.122;308.667
2015-08-07;08:12;-47.803;52.797;329.667
2015-08-07;08:18;-47.953;53.030;356.000
2015-08-07;08:24;-47.982;53.638;386.500
2015-08-07;08:30;-48.817;52.930;409.000
2015-08-07;08:36;-49.665;52.265;435.667
2015-08-07;08:42;-49.863;51.892;460.000
2015-08-07;08:48;-49.903;51.017;482.167
2015-08-07;08:54;-49.970;50.077;508.333
2015-08-07;09:00;-49.903;50.253;532.167
2015-08-07;09:06;-49.913;50.378;558.667
2015-08-07;09:12;-49.955;49.195;589.000
2015-08-07;09:18;-49.905;49.122;616.000
2015-08-07;09:24;-49.807;47.365;645.500
2015-08-07;09:30;-49.893;46.312;671.833
2015-08-07;09:36;-49.903;46.045;696.167
2015-08-07;09:42;-49.877;46.488;718.667
2015-08-07;09:48;-49.938;46.042;741.167
2015-08-07;09:54;-49.858;45.398;768.667
2015-08-07;10:00;-49.677;44.617;791.667
2015-08-07;10:06;-49.067;44.295;812.167
2015-08-07;10:12;-31.435;43.635;834.500
2015-08-07;10:18;-2.222;45.190;859.500
2015-08-07;10:24;-4.172;44.708;888.000
2015-08-07;10:30;-3.010;44.738;906.167
2015-08-07;10:36;21.673;44.628;927.000
2015-08-07;10:42;31.707;43.258;943.000
2015-08-07;10:48;31.938;41.522;956.167
2015-08-07;10:54;31.473;42.952;973.667
2015-08-07;11:00;31.805;42.327;996.833
2015-08-07;11:06;31.630;42.057;1025.500
2015-08-07;11:12;31.955;41.617;1037.000
2015-08-07;11:18;32.338;41.160;1055.000
2015-08-07;11:24;32.428;40.777;1084.167
2015-08-07;11:30;32.562;40.180;1103.833
2015-08-07;11:36;32.017;40.443;1124.333
2015-08-07;11:42;32.272;39.730;1134.667
2015-08-07;11:48;32.883;39.510;1143.833
2015-08-07;11:54;32.848;39.757;1159.500
2015-08-07;12:00;32.943;39.517;1157.333
2015-08-07;12:06;32.765;39.853;1157.500
2015-08-07;12:12;32.765;39.907;1191.333
2015-08-07;12:18;33.075;39.837;1190.833
2015-08-07;12:24;33.498;39.857;1184.333
2015-08-07;12:30;32.935;40.808;1184.333
2015-08-07;12:36;32.983;40.242;1183.500
2015-08-07;12:42;33.185;39.723;1178.333
2015-08-07;12:48;33.557;39.392;1174.000
2015-08-07;12:54;32.905;40.717;1200.500
2015-08-07;13:00;33.740;39.568;1221.167
2015-08-07;13:06;33.467;40.180;1199.167
2015-08-07;13:12;33.375;39.880;1213.167
2015-08-07;13:18;33.782;39.583;1135.167
2015-08-07;13:24;33.528;39.820;1156.500
2015-08-07;13:30;33.890;38.913;1233.167
2015-08-07;13:36;34.073;38.562;1262.500
2015-08-07;13:42;33.513;38.708;1238.667
2015-08-07;13:48;34.085;37.447;1200.000
2015-08-07;13:54;33.777;38.563;1226.667
2015-08-07;14:00;33.835;38.718;1239.333
2015-08-07;14:06;33.695;38.547;1188.500
2015-08-07;14:12;34.402;37.077;1201.333
2015-08-07;14:18;34.427;36.967;1201.000
2015-08-07;14:24;33.953;37.377;1185.333
2015-08-07;14:30;34.135;36.925;1184.000
2015-08-07;14:36;34.052;37.177;1177.667
2015-08-07;14:42;34.438;36.165;1133.833
2015-08-07;14:48;34.477;35.568;1138.000
2015-08-07;14:54;34.837;34.912;1163.500
2015-08-07;15:00;34.878;34.833;1159.833
2015-08-07;15:06;34.970;34.358;1160.667
2015-08-07;15:12;35.247;33.675;1107.000
2015-08-07;15:18;35.147;33.317;1094.333
2015-08-07;15:24;35.203;32.930;1091.167
2015-08-07;15:30;34.935;33.493;1048.500
2015-08-07;15:36;34.960;33.568;1026.833
2015-08-07;15:42;35.008;33.262;1025.333
2015-08-07;15:48;35.130;32.763;1014.833
2015-08-07;15:54;34.885;33.167;1002.000
2015-08-07;16:00;35.083;33.035;995.167
2015-08-07;16:06;34.827;33.880;967.167
2015-08-07;16:12;34.828;34.580;968.167
2015-08-07;16:18;34.818;34.380;937.333
2015-08-07;16:24;35.165;33.713;915.833
2015-08-07;16:30;35.168;33.770;893.333
2015-08-07;16:36;35.287;33.657;879.500
2015-08-07;16:42;35.030;33.847;859.333
2015-08-07;16:48;35.243;33.488;833.833
2015-08-07;16:54;35.002;33.057;824.667
2015-08-07;17:00;35.192;33.308;781.000
2015-08-07;17:06;35.195;33.237;750.667
2015-08-07;17:12;35.397;33.380;725.833
2015-08-07;17:18;35.112;33.892;707.833
2015-08-07;17:24;34.872;34.047;692.667
2015-08-07;17:30;35.465;33.130;662.500
2015-08-07;17:36;35.035;33.833;638.000
2015-08-07;17:42;34.945;33.973;614.000
2015-08-07;17:48;35.053;33.165;599.000
2015-08-07;17:54;34.988;33.027;557.833
2015-08-07;18:00;35.163;32.075;545.667
2015-08-07;18:06;35.270;31.602;511.167
2015-08-07;18:12;34.975;32.063;485.833
2015-08-07;18:18;34.958;32.428;458.333
2015-08-07;18:24;34.900;32.343;431.167
2015-08-07;18:30;34.875;32.117;401.667
2015-08-07;18:36;34.815;32.312;370.500
2015-08-07;18:42;23.987;32.143;150.500
2015-08-07;18:48;-5.120;32.757;104.000
2015-08-07;18:54;-7.730;31.812;93.333
2015-08-07;19:00;-10.970;31.573;198.000
2015-08-07;19:06;-36.177;31.382;231.667
2015-08-07;19:12;-40.917;31.432;211.000
2015-08-07;19:18;-36.238;30.443;190.000
2015-08-07;19:24;-33.623;30.390;169.333
2015-08-07;19:30;-41.758;32.833;146.833
2015-08-07;19:36;-46.315;33.773;125.500
2015-08-07;19:42;-38.437;33.887;104.500
2015-08-07;19:48;2.672;34.278;87.500
2015-08-07;19:54;-25.305;35.022;69.500
2015-08-07;20:00;-44.912;35.332;55.667
2015-08-07;20:06;-49.720;35.352;41.500
2015-08-07;20:12;-49.557;35.967;28.667
2015-08-07;20:18;-48.010;36.280;17.167
2015-08-07;20:24;-11.230;36.575;9.000
2015-08-07;20:30;28.398;37.065;4.000
2015-08-07;20:36;33.348;37.428;0.333
2015-08-07;20:42;33.230;37.888;0.000
2015-08-07;20:48;33.105;38.322;0.000
2015-08-07;20:54;32.960;38.698;0.000
2015-08-07;21:00;32.872;38.883;0.000
2015-08-07;21:06;32.733;39.493;0.000
2015-08-07;21:12;32.590;40.123;0.000
2015-08-07;21:18;32.533;40.548;0.000
2015-08-07;21:24;32.423;40.988;0.000
2015-08-07;21:30;32.302;41.433;0.000
2015-08-07;21:36;32.325;41.497;0.000
2015-08-07;21:42;32.270;41.670;0.000
2015-08-07;21:48;32.225;41.908;0.000
2015-08-07;21:54;32.130;42.137;0.000
2015-08-07;22:00;32.088;42.418;0.000
2015-08-07;22:06;32.043;42.598;0.000
2015-08-07;22:12;31.805;43.587;0.000
2015-08-07;22:18;31.602;44.155;0.000
2015-08-07;22:24;31.532;44.810;0.000
2015-08-07;22:30;31.398;45.083;0.000
2015-08-07;22:36;31.460;44.673;0.000
2015-08-07;22:42;31.287;45.327;0.000
2015-08-07;22:48;31.078;46.200;0.000
2015-08-07;22:54;31.052;46.360;0.000
2015-08-07;23:00;31.077;46.682;
2015-08-07;23:06;31.080;46.812;
2015-08-07;23:12;31.108;46.807;
2015-08-07;23:18;31.078;47.032;
2015-08-07;23:24;30.910;47.677;
2015-08-07;23:30;30.902;47.825;
2015-08-07;23:36;30.803;48.215;
2015-08-07;23:42;30.712;48.595;
2015-08-07;23:48;30.657;48.885;
2015-08-07;23:54;25.817;50.190;
2015-08-08;00:00;30.518;49.528;
2015-08-08;00:06;30.463;49.727;
2015-08-08;00:12;30.307;50.175;
2015-08-08;00:18;30.207;50.435;
2015-08-08;00:24;30.230;50.218;
2015-08-08;00:30;30.215;50.097;
2015-08-08;00:36;30.120;50.473;
2015-08-08;00:42;30.048;50.568;
2015-08-08;00:48;30.027;50.555;
2015-08-08;00:54;30.018;50.590;0.000
2015-08-08;01:00;29.998;50.553;0.000
2015-08-08;01:06;30.000;50.537;0.000
2015-08-08;01:12;29.933;50.462;0.000
2015-08-08;01:18;29.925;50.462;0.000
2015-08-08;01:24;29.905;50.457;0.000
2015-08-08;01:30;29.743;51.018;0.000
2015-08-08;01:36;29.558;51.690;0.000
2015-08-08;01:42;29.425;52.157;0.000
2015-08-08;01:48;29.142;53.130;0.000
2015-08-08;01:54;28.990;53.430;0.000
2015-08-08;02:00;28.142;53.760;0.000
2015-08-08;02:06;-9.843;53.920;0.000
2015-08-08;02:12;28.182;54.295;0.000
2015-08-08;02:18;28.667;54.400;0.000
2015-08-08;02:24;28.650;54.395;0.000
2015-08-08;02:30;28.630;54.380;0.000
2015-08-08;02:36;28.563;54.617;0.000
2015-08-08;02:42;28.583;54.588;0.000
2015-08-08;02:48;28.543;54.747;0.000
2015-08-08;02:54;28.447;55.085;0.000
2015-08-08;03:00;28.413;55.278;0.000
2015-08-08;03:06;28.393;55.108;0.000
2015-08-08;03:12;28.472;54.945;0.000
2015-08-08;03:18;28.460;55.085;0.000
2015-08-08;03:24;28.472;54.955;0.000
2015-08-08;03:30;28.600;54.553;0.000
2015-08-08;03:36;28.642;54.378;0.000
2015-08-08;03:42;28.687;54.092;0.000
2015-08-08;03:48;28.558;54.457;0.000
2015-08-08;03:54;28.367;54.957;0.000
2015-08-08;04:00;28.342;54.980;0.000
2015-08-08;04:06;28.272;55.282;0.000
2015-08-08;04:12;28.297;55.153;0.000
2015-08-08;04:18;28.210;55.618;0.000
2015-08-08;04:24;28.140;55.823;0.000
2015-08-08;04:30;28.135;55.697;0.000
2015-08-08;04:36;28.202;55.423;0.000
2015-08-08;04:42;27.975;56.477;0.000
2015-08-08;04:48;27.678;57.708;0.000
2015-08-08;04:54;11.113;57.255;0.000
2015-08-08;05:00;13.062;56.162;0.000
2015-08-08;05:06;15.590;56.028;0.000
2015-08-08;05:12;16.855;56.250;0.000
2015-08-08;05:18;16.572;56.500;0.000
2015-08-08;05:24;14.757;56.565;0.000
2015-08-08;05:30;13.713;56.467;0.000
2015-08-08;05:36;13.158;56.442;0.000
2015-08-08;05:42;15.098;56.810;0.000
2015-08-08;05:48;14.860;56.923;0.000
2015-08-08;05:54;15.925;57.200;0.000
2015-08-08;06:00;20.523;57.542;0.000
2015-08-08;06:06;19.473;58.265;0.000
2015-08-08;06:12;18.163;58.910;0.000
2015-08-08;06:18;20.473;59.565;0.667
2015-08-08;06:24;22.460;59.578;4.833
2015-08-08;06:30;24.872;59.742;10.500
2015-08-08;06:36;26.653;59.668;21.500
2015-08-08;06:42;26.877;59.562;29.333
2015-08-08;06:48;26.938;59.572;34.667
2015-08-08;06:54;26.883;59.838;43.667
2015-08-08;07:00;26.925;59.907;57.500
2015-08-08;07:06;27.083;59.518;73.667
2015-08-08;07:12;27.070;59.578;91.167
2015-08-08;07:18;27.133;59.368;110.500
2015-08-08;07:24;27.227;59.467;128.667
2015-08-08;07:30;27.568;59.065;149.833
2015-08-08;07:36;27.913;58.487;171.500
2015-08-08;07:42;28.528;56.790;187.167
2015-08-08;07:48;28.963;55.247;216.500
2015-08-08;07:54;23.528;55.863;140.167
2015-08-08;08:00;27.915;56.410;174.333
2015-08-08;08:06;28.390;56.908;287.500
2015-08-08;08:12;28.783;56.643;310.167
2015-08-08;08:18;29.082;55.645;337.833
2015-08-08;08:24;28.720;57.355;368.000
2015-08-08;08:30;28.575;57.665;394.000
2015-08-08;08:36;28.283;58.192;420.000
2015-08-08;08:42;27.800;58.032;450.333
2015-08-08;08:48;19.428;57.935;479.333
2015-08-08;08:54;16.843;57.832;505.500
2015-08-08;09:00;16.833;57.600;529.333
2015-08-08;09:06;15.332;57.853;553.167
2015-08-08;09:12;13.918;57.212;583.000
2015-08-08;09:18;14.238;55.135;610.333
2015-08-08;09:24;17.142;54.240;632.833
2015-08-08;09:30;17.902;51.577;658.333
2015-08-08;09:36;15.543;51.025;679.167
2015-08-08;09:42;16.265;50.872;702.833
2015-08-08;09:48;15.253;51.547;733.000
2015-08-08;09:54;14.502;51.413;758.167
2015-08-08;10:00;14.815;49.898;778.333
2015-08-08;10:06;15.725;50.832;801.667
2015-08-08;10:12;15.172;49.457;826.000
2015-08-08;10:18;15.570;48.105;845.333
2015-08-08;10:24;19.610;46.773;863.167
2015-08-08;10:30;29.147;46.143;886.667
2015-08-08;10:36;30.402;46.647;914.667
2015-08-08;10:42;30.818;45.942;935.667
2015-08-08;10:48;31.135;44.898;951.167
2015-08-08;10:54;31.032;44.617;974.167
2015-08-08;11:00;31.850;43.060;984.500
2015-08-08;11:06;32.068;43.168;995.333
2015-08-08;11:12;32.110;42.943;1003.333
2015-08-08;11:18;32.330;43.310;1026.000
2015-08-08;11:24;32.340;43.835;1042.833
2015-08-08;11:30;32.363;43.122;1072.500
2015-08-08;11:36;32.132;42.508;1097.000
2015-08-08;11:42;32.207;42.143;1108.167
2015-08-08;11:48;32.317;42.498;1126.333
2015-08-08;11:54;32.540;41.085;1136.833
2015-08-08;12:00;33.332;39.607;1122.333
2015-08-08;12:06;32.800;40.332;1143.333
2015-08-08;12:12;33.247;39.843;1148.500
2015-08-08;12:18;32.870;40.915;1173.333
2015-08-08;12:24;33.417;39.392;1172.667
2015-08-08;12:30;33.982;37.923;1164.500
2015-08-08;12:36;33.387;39.675;1199.500
2015-08-08;12:42;32.790;41.145;1176.500
2015-08-08;12:48;32.832;42.695;1202.500
2015-08-08;12:54;32.910;41.748;1234.833
2015-08-08;13:00;33.045;40.710;1214.667
2015-08-08;13:06;33.495;39.738;1200.333
2015-08-08;13:12;33.288;40.053;1227.667
2015-08-08;13:18;33.138;40.672;1195.833
2015-08-08;13:24;33.285;40.207;1165.500
2015-08-08;13:30;33.323;39.757;1217.500
2015-08-08;13:36;33.395;38.795;1196.833
2015-08-08;13:42;33.793;38.320;1220.167
2015-08-08;13:48;34.013;37.987;1183.833
2015-08-08;13:54;33.636;38.222;1227.833
2015-08-08;14:00;;;1197.833
2015-08-08;14:06;;;1195.167
2015-08-08;14:12;;;1190.833
2015-08-08;14:18;;;1186.000
2015-08-08;14:24;;;1180.167
2015-08-08;14:30;;;1188.667
2015-08-08;14:36;;;1169.000
2015-08-08;14:42;;;1165.000
2015-08-08;14:48;;;1163.333
2015-08-08;14:54;34.190;36.040;1127.667
2015-08-08;15:00;34.133;36.508;1139.167
2015-08-08;15:06;34.048;37.148;1096.333
2015-08-08;15:12;34.010;37.180;1103.500
2015-08-08;15:18;35.032;35.070;1078.167
2015-08-08;15:24;35.128;34.717;1066.833
2015-08-08;15:30;34.800;35.350;1070.000
2015-08-08;15:36;34.472;35.698;1046.667
2015-08-08;15:42;34.867;34.647;1037.333
2015-08-08;15:48;35.045;34.247;1011.167
2015-08-08;15:54;34.463;34.160;983.667
2015-08-08;16:00;34.588;34.107;987.833
2015-08-08;16:06;34.520;34.048;952.667
2015-08-08;16:12;34.697;33.720;948.000
2015-08-08;16:18;34.803;32.953;921.500
2015-08-08;16:24;35.078;32.170;900.667
2015-08-08;16:30;35.172;30.695;872.000
2015-08-08;16:36;35.388;29.457;835.167
2015-08-08;16:42;35.123;30.922;829.000
2015-08-08;16:48;35.190;31.202;814.667
2015-08-08;16:54;35.288;31.913;797.333
2015-08-08;17:00;34.743;32.917;782.167
2015-08-08;17:06;34.990;32.890;774.167
2015-08-08;17:12;34.728;33.532;769.167
2015-08-08;17:18;35.075;33.358;734.667
2015-08-08;17:24;35.173;33.488;696.000
2015-08-08;17:30;34.853;34.375;679.833
2015-08-08;17:36;34.777;34.373;654.500
2015-08-08;17:42;35.085;34.248;615.833
2015-08-08;17:48;34.747;35.390;586.833
2015-08-08;17:54;34.882;35.368;558.200
2015-08-31;13:54;;;1134.000
2015-08-31;14:00;;;1151.500
2015-08-31;14:06;;;1153.000
2015-08-31;14:12;;;1144.333
2015-08-31;14:18;;;1137.000
2015-08-31;14:24;;;1134.500
2015-08-31;14:30;;;1122.167
2015-08-31;14:36;;;1107.667
2015-08-31;14:42;;;1090.500
2015-08-31;14:48;;;1099.333
2015-08-31;14:54;;;1095.500
2015-08-31;15:00;;;1075.167
2015-08-31;15:06;;;1045.833
2015-08-31;15:12;;;1045.333
2015-08-31;15:18;;;1043.167
2015-08-31;15:24;;;1023.667
2015-08-31;15:30;;;1004.500
2015-08-31;15:36;;;979.667
2015-08-31;15:42;;;962.500
2015-08-31;15:48;;;958.667
2015-08-31;15:54;;;939.167
2015-08-31;16:00;;;920.000
2015-08-31;16:06;;;887.667
2015-08-31;16:12;;;869.833
2015-08-31;16:18;;;861.833
2015-08-31;16:24;;;839.000
2015-08-31;16:30;;;810.833
2015-08-31;16:36;;;790.167
2015-08-31;16:42;;;774.167
2015-08-31;16:48;;;748.833
2015-08-31;16:54;;;719.500
2015-08-31;17:00;;;691.333
2015-08-31;17:06;;;669.500
2015-08-31;17:12;;;644.500
2015-08-31;17:18;;;621.667
2015-08-31;17:24;;;593.667
2015-08-31;17:30;;;566.667
2015-08-31;17:36;;;540.167
2015-08-31;17:42;;;516.667
2015-08-31;17:48;;;492.833
2015-08-31;17:54;;;463.333
2015-08-31;18:00;;;437.500
2015-08-31;18:06;;;413.667
2015-08-31;18:12;;;388.167
2015-08-31;18:18;;;359.333
2015-08-31;18:24;;;329.833
2015-08-31;18:30;;;300.667
2015-08-31;18:36;;;276.333
2015-08-31;18:42;;;244.333
2015-08-31;18:48;;;158.167
2015-08-31;18:54;;;43.000
2015-08-31;19:00;;;41.667
2015-08-31;19:06;;;39.333
2015-08-31;19:12;;;57.500
2015-08-31;19:18;;;31.833
2015-08-31;19:24;;;25.000
2015-08-31;19:30;;;39.167
2015-08-31;19:36;;;24.167
2015-08-31;19:42;;;11.500
2015-08-31;19:48;;;4.000
2015-08-31;19:54;;;0.000
2015-08-31;20:00;;;0.000
2015-08-31;20:06;;;0.000
2015-08-31;20:12;;;0.000
2015-08-31;20:18;;;0.000
2015-08-31;20:24;;;0.000
2015-08-31;20:30;;;0.000
2015-08-31;20:36;;;0.000
2015-08-31;20:42;;;0.000
2015-08-31;20:48;;;0.000
2015-08-31;20:54;;;0.000
2015-08-31;21:00;;;0.000
2015-08-31;21:06;;;0.000
2015-08-31;21:12;;;0.000
2015-08-31;21:18;;;0.000
2015-08-31;21:24;;;0.000
2015-08-31;21:30;;;0.000
2015-08-31;21:36;;;0.000
2015-08-31;21:42;;;0.000
2015-08-31;21:48;;;0.000
2015-08-31;21:54;;;0.000
2015-08-31;22:00;;;0.000
2015-08-31;22:06;;;0.000
2015-08-31;22:12;;;0.000
2015-08-31;22:18;;;0.000
2015-08-31;22:24;;;0.000
2015-08-31;22:30;;;0.000
2015-08-31;22:36;;;0.000
2015-08-31;22:42;;;0.000
2015-08-31;22:48;;;0.000
2015-08-31;22:54;;;0.000
